Category	Frequency	Decade
autistic	0.00014201758905817396	1810
autistic	0.0002892037342614286	1820
autistic	0.0004439306918216941	1830
autistic	0.0006111313446663519	1840
autistic	0.0007753903813125477	1850
autistic	0.0009493222592426594	1860
autistic	0.001122560696154792	1870
autistic	0.0012881969252373344	1880
autistic	0.0014552582243776689	1890
autistic	0.001633414351470488	1900
autistic	0.0018258159932931159	1910
autistic	0.002032053510602559	1920
autistic	0.002215800798341048	1930
autistic	0.0024141051473521497	1940
autistic	0.0026480846535460495	1950
autistic	0.002893002505290429	1960
autistic	0.0031622565837880795	1970
autistic	0.003465423345096621	1980
autistic	0.0037813808726674153	1990
autistic	0.004135436155063428	2000
bipolar	9.887300504050085e-05	1810
bipolar	0.0002133850474704189	1820
bipolar	0.00034059132396916406	1830
bipolar	0.00047936190147876103	1840
bipolar	0.000629209699737192	1850
bipolar	0.0007729774322912996	1860
bipolar	0.0009396124816512628	1870
bipolar	0.0010853596342349403	1880
bipolar	0.001243278209953415	1890
bipolar	0.001400246101527285	1900
bipolar	0.0015643533842583498	1910
bipolar	0.0017336146325694596	1920
bipolar	0.0019350384635113034	1930
bipolar	0.0021114488044463066	1940
bipolar	0.0022876005522943703	1950
bipolar	0.002474432262902879	1960
bipolar	0.002669114678133327	1970
bipolar	0.002848508421110338	1980
bipolar	0.0030388563038869	1990
bipolar	0.0032595402063858967	2000
blind	0.0005770588112363776	1810
blind	0.001205042851922048	1820
blind	0.0018429384146273434	1830
blind	0.002526453092962579	1840
blind	0.0031010931456262854	1850
blind	0.0035867421834963153	1860
blind	0.004030418051050449	1870
blind	0.004459279577903295	1880
blind	0.004861952925972548	1890
blind	0.005259183745082398	1900
blind	0.005679001298103464	1910
blind	0.006089209067852999	1920
blind	0.006457656206588946	1930
blind	0.006832403721134865	1940
blind	0.007210697708107794	1950
blind	0.0075651510141319335	1960
blind	0.007943518997989193	1970
blind	0.008322086498482794	1980
blind	0.008761677077247053	1990
blind	0.009184415662548748	2000
cleft	0.00011595106954749647	1810
cleft	0.00030146057828396366	1820
cleft	0.0005054826105109887	1830
cleft	0.0007161567585066949	1840
cleft	0.0008917412190428272	1850
cleft	0.0010839982875875888	1860
cleft	0.0012613710193149924	1870
cleft	0.0014293409000400682	1880
cleft	0.0016077879723944272	1890
cleft	0.0018051884601879438	1900
cleft	0.0020176319397004283	1910
cleft	0.0022395940359424783	1920
cleft	0.0025073076100425263	1930
cleft	0.0027855508011345774	1940
cleft	0.0030501743548480773	1950
cleft	0.0033180376219617267	1960
cleft	0.0035980636626743914	1970
cleft	0.003866414639844092	1980
cleft	0.0042010826408201835	1990
cleft	0.00456751493288252	2000
deaf	0.00012493952455117834	1810
deaf	0.0002854090666763035	1820
deaf	0.00046206416466338095	1830
deaf	0.0006114380336732336	1840
deaf	0.0007642100854610204	1850
deaf	0.0009118191809962059	1860
deaf	0.001046930232389725	1870
deaf	0.0011725761583252173	1880
deaf	0.001303394495034275	1890
deaf	0.0014334275711577367	1900
deaf	0.0015517333601093343	1910
deaf	0.0016826391736951302	1920
deaf	0.0018182495431082548	1930
deaf	0.0019403132882841463	1940
deaf	0.0020823498044687974	1950
deaf	0.0022138190303200534	1960
deaf	0.002342317969978917	1970
deaf	0.0024661649520400287	1980
deaf	0.0026163476852398854	1990
deaf	0.0027459968614946054	2000
scarred	0.0004404342951804129	1810
scarred	0.0006189203986478453	1820
scarred	0.0007791245867266395	1830
scarred	0.0009633567765435833	1840
scarred	0.0011245299986919505	1850
scarred	0.0013239030347262498	1860
scarred	0.0015058694273595106	1870
scarred	0.0016878942554771172	1880
scarred	0.001882449311134266	1890
scarred	0.0020508374672653677	1900
scarred	0.002235021955635154	1910
scarred	0.002407365430381559	1920
scarred	0.0025864581476500895	1930
scarred	0.002785506520923649	1940
scarred	0.002971800634941916	1950
scarred	0.0031506503648163465	1960
scarred	0.003331446169049358	1970
scarred	0.0035233292160786038	1980
scarred	0.003684028194843694	1990
scarred	0.003863840663216623	2000
retarded	8.898570453645078e-05	1810
retarded	0.00019830653437621256	1820
retarded	0.0003218997605679983	1830
retarded	0.00044562691826160745	1840
retarded	0.0005817743463935533	1850
retarded	0.0007128844730591916	1860
retarded	0.0008530341962588229	1870
retarded	0.0009808546612248576	1880
retarded	0.0011064654495860264	1890
retarded	0.0012422937025114023	1900
retarded	0.0013976651018729471	1910
retarded	0.001546144830252526	1920
retarded	0.0016717208116990186	1930
retarded	0.001800338535304487	1940
retarded	0.0019430367459665522	1950
retarded	0.0020942163504271676	1960
retarded	0.002254626384831556	1970
retarded	0.0024033991437617196	1980
retarded	0.0025851977794592463	1990
retarded	0.0027691601863673535	2000
disabled	0.0	1810
disabled	1.0382425180312571e-05	1820
disabled	2.5372740283654652e-05	1830
disabled	3.5578408352650804e-05	1840
disabled	4.656455420879453e-05	1850
disabled	6.495271798706848e-05	1860
disabled	8.177700105476978e-05	1870
disabled	0.0001067046436000131	1880
disabled	0.0001304731010468007	1890
disabled	0.00015350801764309004	1900
disabled	0.000180246186984617	1910
disabled	0.00020966838916017778	1920
disabled	0.00024184987289782296	1930
disabled	0.0002806594914115275	1940
disabled	0.00032830149378536196	1950
disabled	0.0003649430098014064	1960
disabled	0.000420253325183096	1970
disabled	0.0004669561372904345	1980
disabled	0.0005256782384393687	1990
disabled	0.0005888737936768231	2000
schizophrenic	8.179494053350524e-05	1810
schizophrenic	0.00017264116086124025	1820
schizophrenic	0.00026210259266387794	1830
schizophrenic	0.0003625025090569245	1840
schizophrenic	0.00047124919693590007	1850
schizophrenic	0.0005795000652059443	1860
schizophrenic	0.0006992797733261658	1870
schizophrenic	0.0008080597623906212	1880
schizophrenic	0.0009236489715634094	1890
schizophrenic	0.0010394553138607877	1900
schizophrenic	0.0011712598699623183	1910
schizophrenic	0.0013049762561280949	1920
schizophrenic	0.0014169024390568714	1930
schizophrenic	0.001563464277227459	1940
schizophrenic	0.0017100133327990668	1950
schizophrenic	0.0018603813988285014	1960
schizophrenic	0.0020173844347452594	1970
schizophrenic	0.0021727399656081997	1980
schizophrenic	0.0023574171356757715	1990
schizophrenic	0.002552618959449988	2000
short	0.0012844502200261428	1810
short	0.002942737277134596	1820
short	0.004742036330000364	1830
short	0.006618272193327648	1840
short	0.00877591892728058	1850
short	0.010853072986134764	1860
short	0.013147836291655635	1870
short	0.015482283497249004	1880
short	0.017773080080310255	1890
short	0.020095135744453492	1900
short	0.02246136941664832	1910
short	0.024657043046900362	1920
short	0.026876602036956427	1930
short	0.02899870147341385	1940
short	0.030941588323408716	1950
short	0.032798277084301816	1960
short	0.0345403215123267	1970
short	0.03622279560161711	1980
short	0.038033643193354665	1990
short	0.03980298222886737	2000
mute	0.00034066244463954386	1810
mute	0.0008107725494951674	1820
mute	0.0012258120943307769	1830
mute	0.0016990502481015657	1840
mute	0.0021672539347354553	1850
mute	0.0026378996163720133	1860
mute	0.003138034447497196	1870
mute	0.0036216837504122463	1880
mute	0.004106471085025037	1890
mute	0.004559721946553393	1900
mute	0.0050021396188988446	1910
mute	0.00543084074726015	1920
mute	0.005869052320133035	1930
mute	0.0063050286548657864	1940
mute	0.006703661611431368	1950
mute	0.007119258223914319	1960
mute	0.0075345297359445205	1970
mute	0.00792070493433796	1980
mute	0.008300258881257632	1990
mute	0.008671250645263221	2000
stroke	1.977460100810017e-05	1810
stroke	6.725892793570619e-05	1820
stroke	0.00011338297440752798	1830
stroke	0.00015983864529302343	1840
stroke	0.00021024566745650642	1850
stroke	0.0002649063734823345	1860
stroke	0.00032135098186305243	1870
stroke	0.00036950906575896936	1880
stroke	0.0004151570966170382	1890
stroke	0.00045860269880497614	1900
stroke	0.0005030719998438824	1910
stroke	0.0005434021491328257	1920
stroke	0.0005874149015301569	1930
stroke	0.0006383149143087737	1940
stroke	0.0006907731846821486	1950
stroke	0.0007391097476790422	1960
stroke	0.0007906757379901682	1970
stroke	0.0008359838054825364	1980
stroke	0.0008837290955670295	1990
stroke	0.0009425107907396561	2000
unattractive	0.00017887025457326977	1810
unattractive	0.0003220866489722873	1820
unattractive	0.000484058925499168	1830
unattractive	0.0006985104960918405	1840
unattractive	0.0008771323028352597	1850
unattractive	0.0010675631496349185	1860
unattractive	0.0012711771692870306	1870
unattractive	0.0014572858877790707	1880
unattractive	0.001636349470895019	1890
unattractive	0.001818441944494799	1900
unattractive	0.0020119282034159365	1910
unattractive	0.0022045098903832436	1920
unattractive	0.0023974147749068146	1930
unattractive	0.002581823376663222	1940
unattractive	0.002764602916735879	1950
unattractive	0.002958682888400959	1960
unattractive	0.0031381743631799606	1970
unattractive	0.003318297177205706	1980
unattractive	0.0035029743472732786	1990
unattractive	0.003695891884704666	2000
wheelchair	4.404342951804129e-05	1810
wheelchair	0.00012939307180914023	1820
wheelchair	0.00020557462189843255	1830
wheelchair	0.0002741646637907119	1840
wheelchair	0.00035022756774765986	1850
wheelchair	0.0004228985985700164	1860
wheelchair	0.0004920331952031644	1870
wheelchair	0.0005710060882879883	1880
wheelchair	0.0006474534227250072	1890
wheelchair	0.0007217094407822437	1900
wheelchair	0.0008058851590796432	1910
wheelchair	0.0008959070674406634	1920
wheelchair	0.0009939886093669342	1930
wheelchair	0.0010985349597752926	1940
wheelchair	0.0012199179303042558	1950
wheelchair	0.001325506862076219	1960
wheelchair	0.0014456063698200343	1970
wheelchair	0.00155532627953103	1980
wheelchair	0.0016797941056918104	1990
wheelchair	0.001805493559744189	2000
alcoholic	0.0002166217655887337	1810
alcoholic	0.0004050322460667588	1820
alcoholic	0.0006484134646164051	1830
alcoholic	0.0008961991328630064	1840
alcoholic	0.0011029971725080646	1850
alcoholic	0.0013317786759548767	1860
alcoholic	0.0015532218419978463	1870
alcoholic	0.0018402477346451235	1880
alcoholic	0.002085894480012669	1890
alcoholic	0.0023227070297462513	1900
alcoholic	0.0025759415436157397	1910
alcoholic	0.002973402478615921	1920
alcoholic	0.0034246684979696703	1930
alcoholic	0.003830894803737448	1940
alcoholic	0.004256624691525671	1950
alcoholic	0.004666195909081226	1960
alcoholic	0.005130368531417379	1970
alcoholic	0.005531579499410083	1980
alcoholic	0.0059672456763165144	1990
alcoholic	0.006386535080247966	2000
std	0.0006220010862547871	1810
std	0.0013927434731697554	1820
std	0.002127326568291607	1830
std	0.00281614289237697	1840
std	0.003541551640819401	1850
std	0.0041903326590579885	1860
std	0.004898818722644448	1870
std	0.005585137715082925	1880
std	0.006257790307727111	1890
std	0.006923154359579631	1900
std	0.00754476963950498	1910
std	0.008124353588042876	1920
std	0.008719900467382852	1930
std	0.009276146135834981	1940
std	0.009864750492121188	1950
std	0.01041939810045629	1960
std	0.011010416762194929	1970
std	0.011681880631832287	1980
std	0.012281690433633297	1990
std	0.012888291317676687	2000
drug	0.00020403792858357905	1810
drug	0.00043565761973849337	1820
drug	0.0007209348471667111	1830
drug	0.0010017895307797352	1840
drug	0.0013383533403020671	1850
drug	0.0016688994761656292	1860
drug	0.002065246281199104	1870
drug	0.002502169513726156	1880
drug	0.002880457893587032	1890
drug	0.003310576644778187	1900
drug	0.0037427729799018104	1910
drug	0.004184931422326369	1920
drug	0.004727946602850743	1930
drug	0.005254310943938642	1940
drug	0.005761613659106476	1950
drug	0.006264778603403256	1960
drug	0.006921688391008271	1970
drug	0.007662287215310413	1980
drug	0.008395708987454384	1990
drug	0.00911261997014886	2000
criminal	0.001160184829600241	1810
criminal	0.0020849840842642594	1820
criminal	0.0029735638395439064	1830
criminal	0.003805259516595216	1840
criminal	0.0046229357341324075	1850
criminal	0.00528746004327705	1860
criminal	0.005941080569419181	1870
criminal	0.006625927770196741	1880
criminal	0.0072307772963164	1890
criminal	0.007867578537558227	1900
criminal	0.008466298965251988	1910
criminal	0.009142706616758962	1920
criminal	0.009830478938899058	1930
criminal	0.010385685161690398	1940
criminal	0.011041879981726909	1950
criminal	0.011696546922463812	1960
criminal	0.012512798543627253	1970
criminal	0.013214650939875637	1980
criminal	0.013784840623008877	1990
criminal	0.014376097655362985	2000
gang	0.0007046948722886606	1810
gang	0.0011903786149147532	1820
gang	0.0017028167712166934	1830
gang	0.0022028945065975048	1840
gang	0.0026152950347209237	1850
gang	0.002978382552887304	1860
gang	0.003349148408751288	1870
gang	0.003729202141875921	1880
gang	0.004108002094496413	1890
gang	0.004473438411110225	1900
gang	0.0048354175784216195	1910
gang	0.005239262379021682	1920
gang	0.005616899588290174	1930
gang	0.005923776771953516	1940
gang	0.006278228062838627	1950
gang	0.006661952337209323	1960
gang	0.0070846675225029266	1970
gang	0.007465718091061057	1980
gang	0.007837643921900108	1990
gang	0.008246704091372039	2000
homeless	0.0007999724953276888	1810
homeless	0.0014586457633845775	1820
homeless	0.002098520816417622	1830
homeless	0.0028260391544789186	1840
homeless	0.0036438607768877356	1850
homeless	0.004360495378931424	1860
homeless	0.0051684485563200195	1870
homeless	0.005869710874901311	1880
homeless	0.0066271796076398295	1890
homeless	0.007375948038412986	1900
homeless	0.008023440867590829	1910
homeless	0.00869018391078374	1920
homeless	0.009353287009433053	1930
homeless	0.009989077624768364	1940
homeless	0.010565044701281	1950
homeless	0.011170574657554642	1960
homeless	0.011804321353131543	1970
homeless	0.012386098917527484	1980
homeless	0.012985160300392285	1990
homeless	0.013542680880663268	2000
paroled	0.0004943650252025043	1810
paroled	0.0009088986187988077	1820
paroled	0.0013111771774438796	1830
paroled	0.0017033001512377123	1840
paroled	0.0020608022622741065	1850
paroled	0.002382217289412155	1860
paroled	0.0027167506448811914	1870
paroled	0.003062754279039768	1880
paroled	0.003388429368161645	1890
paroled	0.0037046370550032166	1900
paroled	0.004030694175584615	1910
paroled	0.004393456554681019	1920
paroled	0.004730122719231384	1930
paroled	0.005036113638699742	1940
paroled	0.0053851520518105956	1950
paroled	0.005710745717186176	1960
paroled	0.0061303799863556534	1970
paroled	0.006497800096176574	1980
paroled	0.00682934968491845	1990
paroled	0.007170327200483212	2000
molestor	0.00029751786062187077	1810
molestor	0.0005979974599579756	1820
molestor	0.0009129478239497319	1830
molestor	0.0011993029650285132	1840
molestor	0.0014932146788740525	1850
molestor	0.0018235718952467415	1860
molestor	0.0021629860154282507	1870
molestor	0.0025119597516773244	1880
molestor	0.002869221179392946	1890
molestor	0.0032402947329796886	1900
molestor	0.0036369934367596886	1910
molestor	0.0039957019044767885	1920
molestor	0.004350997175489477	1930
molestor	0.004759597793977151	1940
molestor	0.005191803609683675	1950
molestor	0.005639917344237903	1960
molestor	0.006120832609306996	1970
molestor	0.0066316261257986136	1980
molestor	0.007140618168224679	1990
molestor	0.0076539182411657644	2000
asian	8.539032253497802e-05	1810
asian	0.000303421251321542	1820
asian	0.0004989103349512799	1830
asian	0.0006887755233777342	1840
asian	0.0008735851152136579	1850
asian	0.0010254606425843847	1860
asian	0.0012128245867820274	1870
asian	0.0014404882157723615	1880
asian	0.0016571851898457227	1890
asian	0.0019372732527206456	1900
asian	0.002171102551979837	1910
asian	0.00245505396835953	1920
asian	0.0027588025775630498	1930
asian	0.003138495665147648	1940
asian	0.003581212660339658	1950
asian	0.003966248736558014	1960
asian	0.004342300411212461	1970
asian	0.004708484270124663	1980
asian	0.005036608402966183	1990
asian	0.005358073926821683	2000
black	0.000379312801155376	1810
black	0.0008378190190447681	1820
black	0.0014472714197591064	1830
black	0.0022630455919170635	1840
black	0.002947740976304375	1850
black	0.0036778833219454623	1860
black	0.004327455684414305	1870
black	0.004990995054569416	1880
black	0.005654452454790756	1890
black	0.006374998253046413	1900
black	0.007054322236202263	1910
black	0.007707357207927015	1920
black	0.008448159159677176	1930
black	0.009172565252977665	1940
black	0.009935650849742727	1950
black	0.010958745121270813	1960
black	0.011856326181579566	1970
black	0.012759750873432405	1980
black	0.013794795071984339	1990
black	0.014832507224338992	2000
latino	0.00014471412555927852	1810
latino	0.0004345059342685911	1820
latino	0.0007752857642845677	1830
latino	0.0012283113936329938	1840
latino	0.001601824196645033	1850
latino	0.002008111305057633	1860
latino	0.0022925737566528285	1870
latino	0.0026247478529525295	1880
latino	0.0030863832408801212	1890
latino	0.0035569953343789935	1900
latino	0.003980467575449385	1910
latino	0.004460793384545578	1920
latino	0.004897576112530011	1930
latino	0.005397866779832133	1940
latino	0.005850585124338501	1950
latino	0.006441996535302561	1960
latino	0.006926003960715215	1970
latino	0.007540378397362546	1980
latino	0.00810065632714826	1990
latino	0.008615785649312091	2000
mideast	0.0002157229200883655	1810
mideast	0.0004771157422750585	1820
mideast	0.000702431709289908	1830
mideast	0.000958037305017948	1840
mideast	0.0011686320274221147	1850
mideast	0.001418761433337539	1860
mideast	0.001673221537141356	1870
mideast	0.0019437660150632412	1880
mideast	0.002257058419952355	1890
mideast	0.0025873713484438707	1900
mideast	0.0029097266237107892	1910
mideast	0.003350976070542565	1920
mideast	0.0037200835088102967	1930
mideast	0.0042387012443420346	1940
mideast	0.004948558401751807	1950
mideast	0.005560836355665537	1960
mideast	0.006414924775214709	1970
mideast	0.0072269091648103296	1980
mideast	0.00780120555697817	1990
mideast	0.00842966642427046	2000
multiracial	1.3482682505522844e-05	1810
multiracial	4.417190987674088e-05	1820
multiracial	7.945680542768456e-05	1830
multiracial	0.00012909346376325674	1840
multiracial	0.00017252105208871897	1850
multiracial	0.00022126228073386975	1860
multiracial	0.00027431906419651825	1870
multiracial	0.0003479882035483118	1880
multiracial	0.0004044710831100488	1890
multiracial	0.0004600173060416071	1900
multiracial	0.0005054769096487181	1910
multiracial	0.000549599764686855	1920
multiracial	0.0005939805528887875	1930
multiracial	0.0006400225248948964	1940
multiracial	0.0006949106241689405	1950
multiracial	0.0007510290625333192	1960
multiracial	0.0007916881599962567	1970
multiracial	0.000829303999612122	1980
multiracial	0.0008907031377251988	1990
multiracial	0.0009440971933960146	2000
native	0.00016269103556664231	1810
native	0.00043797798556816526	1820
native	0.0006821279382256751	1830
native	0.0009246119607221486	1840
native	0.0011220879324863322	1850
native	0.0012868257285273072	1860
native	0.001409189370907073	1870
native	0.0015823436709061856	1880
native	0.0017995653349894098	1890
native	0.0020134766095204577	1900
native	0.002171241240088498	1910
native	0.0023708963755191773	1920
native	0.0025398248098312173	1930
native	0.0027023284619782533	1940
native	0.0029006849408962703	1950
native	0.0030922747124437554	1960
native	0.003251178021444373	1970
native	0.0034357069605037757	1980
native	0.003625661443583097	1990
native	0.003813546270466342	2000
old	0.0014642193200997808	1810
old	0.0027288903166957966	1820
old	0.004174494806533477	1830
old	0.005869430952849357	1840
old	0.007641043908733616	1850
old	0.009498531829575595	1860
old	0.01128237955603285	1870
old	0.01309652852041593	1880
old	0.014821341989838114	1890
old	0.016542059978955016	1900
old	0.018250650220647906	1910
old	0.019886842287655297	1920
old	0.021482353272679753	1930
old	0.023051916220464055	1940
old	0.024603860956261978	1950
old	0.026111510372993744	1960
old	0.027613378273969865	1970
old	0.02902669835131226	1980
old	0.03047516725120474	1990
old	0.031923159072513155	2000
indian	0.00011145684204565552	1810
indian	0.0003432292159238097	1820
indian	0.0005268029208816604	1830
indian	0.0007349587871460559	1840
indian	0.0009138229353421841	1850
indian	0.0010490892908070213	1860
indian	0.001215954023212277	1870
indian	0.0014147784912792575	1880
indian	0.0016138983500222131	1890
indian	0.001775276407589993	1900
indian	0.0019273114304419906	1910
indian	0.0021403507423594925	1920
indian	0.0022862661143014562	1930
indian	0.0024949211537873156	1940
indian	0.0027605752152935095	1950
indian	0.003012007608416955	1960
indian	0.0032797999383885595	1970
indian	0.0035133245651723347	1980
indian	0.0037047183154366786	1990
indian	0.00392916082454758	2000
asexual	1.2583837005154654e-05	1810
asexual	2.3118944908707117e-05	1820
asexual	3.603367792081721e-05	1830
asexual	5.041439201803906e-05	1840
asexual	6.0560420838124734e-05	1850
asexual	7.195856345410961e-05	1860
asexual	8.091620222053079e-05	1870
asexual	8.844753252143408e-05	1880
asexual	9.752466969206155e-05	1890
asexual	0.00010554315331735213	1900
asexual	0.00011162644052203816	1910
asexual	0.0001192327484708337	1920
asexual	0.00012590069128361187	1930
asexual	0.00013272820804497402	1940
asexual	0.00014036481316136276	1950
asexual	0.00015054795292795763	1960
asexual	0.00016062277353824303	1970
asexual	0.00017173846546967287	1980
asexual	0.0001838666902821325	1990
asexual	0.00019729938606705222	2000
atheist	5.662726652319594e-05	1810
atheist	0.0001402973988586561	1820
atheist	0.00020648540554572034	1830
atheist	0.000301583676188639	1840
atheist	0.00037150726334362434	1850
atheist	0.0004314577151138874	1860
atheist	0.0004926682466844321	1870
atheist	0.0005440616203574976	1880
atheist	0.0005793207890202818	1890
atheist	0.0006138731639147156	1900
atheist	0.0006428748819835675	1910
atheist	0.0006679924153749199	1920
atheist	0.000693744097114529	1930
atheist	0.0007165024863190695	1940
atheist	0.0007404102671095821	1950
atheist	0.0007680248076993438	1960
atheist	0.0007979794082638533	1970
atheist	0.000833777853381424	1980
atheist	0.0008596462822535691	1990
atheist	0.0008851556632055542	2000
cancer	8.988455003681897e-05	1810
cancer	0.00022775704912244034	1820
cancer	0.00032615501492899344	1830
cancer	0.00042324140272821003	1840
cancer	0.0005413101584880605	1850
cancer	0.000653843201884552	1860
cancer	0.0007807430844088518	1870
cancer	0.0009206030703488659	1880
cancer	0.0010675425076109599	1890
cancer	0.0012054482767483434	1900
cancer	0.0013543709201002698	1910
cancer	0.0015027252697773965	1920
cancer	0.0016568132014980086	1930
cancer	0.001817544325255076	1940
cancer	0.002009251317047602	1950
cancer	0.0022014302877300528	1960
cancer	0.002462408620726397	1970
cancer	0.0027520822845098097	1980
cancer	0.0030844378628752983	1990
cancer	0.0034058396815339863	2000
depressed	0.0005905414937419006	1810
depressed	0.0012020358003176628	1820
depressed	0.001801879024683705	1830
depressed	0.0024353594212521085	1840
depressed	0.003116274278977158	1850
depressed	0.0037339780409671895	1860
depressed	0.004337585083996801	1870
depressed	0.004905869037106685	1880
depressed	0.00544905436981721	1890
depressed	0.00588336460108522	1900
depressed	0.0063005649258903165	1910
depressed	0.006691088239354781	1920
depressed	0.007122989080637001	1930
depressed	0.007555737663054685	1940
depressed	0.007991729238968058	1950
depressed	0.008448858831983758	1960
depressed	0.008919789230198014	1970
depressed	0.00937458163714916	1980
depressed	0.009858108245514882	1990
depressed	0.010380390751206456	2000
diabetic	0.0002435871305997794	1810
diabetic	0.000532004794799933	1820
diabetic	0.000777000354976093	1830
diabetic	0.000982903021796684	1840
diabetic	0.001236359869136659	1850
diabetic	0.0014895749600696714	1860
diabetic	0.0017509542656129352	1870
diabetic	0.002029772599358348	1880
diabetic	0.0022658962210468816	1890
diabetic	0.002488117560425957	1900
diabetic	0.0027226306400298613	1910
diabetic	0.0029483123044446737	1920
diabetic	0.003181917619124164	1930
diabetic	0.0034148738040058343	1940
diabetic	0.003654418052280284	1950
diabetic	0.0038779802146233226	1960
diabetic	0.0040980633215486765	1970
diabetic	0.004349835857044981	1980
diabetic	0.004584762642098986	1990
diabetic	0.004851114069969748	2000
divorced	0.0003775151101546396	1810
divorced	0.0006011952997010796	1820
divorced	0.0008119053186665188	1830
divorced	0.0010195972909277783	1840
divorced	0.001231436032789185	1850
divorced	0.0014235041818430737	1860
divorced	0.0016023698533648811	1870
divorced	0.0018089510612664189	1880
divorced	0.0019604815361148127	1890
divorced	0.002121191386713818	1900
divorced	0.0022768810976151427	1910
divorced	0.0024629326438297063	1920
divorced	0.0026616719783144577	1930
divorced	0.002875546129170782	1940
divorced	0.003094545306294038	1950
divorced	0.0032931721165666917	1960
divorced	0.0034712805523556657	1970
divorced	0.0036415133591116227	1980
divorced	0.003816566629268675	1990
divorced	0.003971042630795252	2000
immigrant	2.786421051141388e-05	1810
immigrant	7.168415208126253e-05	1820
immigrant	0.00011542512281870685	1830
immigrant	0.00016015775883541073	1840
immigrant	0.00020985391273761384	1850
immigrant	0.00026986733767150103	1860
immigrant	0.0003270009951880977	1870
immigrant	0.00040188999789848823	1880
immigrant	0.00047183117621320763	1890
immigrant	0.0005491973939796476	1900
immigrant	0.0006408121708548708	1910
immigrant	0.0007255577254876739	1920
immigrant	0.0007992731322328351	1930
immigrant	0.0008805906075059819	1940
immigrant	0.0009606339443722214	1950
immigrant	0.001029181149394955	1960
immigrant	0.0011003795468328202	1970
immigrant	0.0011877835427042914	1980
immigrant	0.0012795032428485169	1990
immigrant	0.001373996251205442	2000
christian	0.0022021714759020644	1810
christian	0.004916106881491122	1820
christian	0.006944719318732632	1830
christian	0.009733815742017085	1840
christian	0.012183451614290733	1850
christian	0.014647827656270282	1860
christian	0.01686296272102618	1870
christian	0.018853925575484164	1880
christian	0.02069166545227909	1890
christian	0.022237957124110693	1900
christian	0.02377840813690198	1910
christian	0.025235026557321533	1920
christian	0.026527254390189457	1930
christian	0.02789440991398587	1940
christian	0.029248724950045882	1950
christian	0.0307367751578164	1960
christian	0.032044387923900436	1970
christian	0.03337945437534534	1980
christian	0.034722117946909506	1990
christian	0.036069746781011894	2000
abortion	0.0001653875720677469	1810
abortion	0.0003394458765612224	1820
abortion	0.0005283815019214224	1830
abortion	0.0006986306010724037	1840
abortion	0.0008704022227525802	1850
abortion	0.0010339435286846946	1860
abortion	0.0012035070368721416	1870
abortion	0.0013888201923042273	1880
abortion	0.001586680795023512	1890
abortion	0.0017761478437150367	1900
abortion	0.0019939554621386307	1910
abortion	0.002259716518437482	1920
abortion	0.002549555539143567	1930
abortion	0.0028649342941587967	1940
abortion	0.0031607551153648157	1950
abortion	0.0035351189053649057	1960
abortion	0.003887951266894086	1970
abortion	0.004253057368603809	1980
abortion	0.004614879543803997	1990
abortion	0.0049228486666777664	2000
attack	0.0014372539550887354	1810
attack	0.002880105689705703	1820
attack	0.003888838586044446	1830
attack	0.005051158146188105	1840
attack	0.00605813535048476	1850
attack	0.007039509132404695	1860
attack	0.007874407002044205	1870
attack	0.008699246782605106	1880
attack	0.00943013996634407	1890
attack	0.010125658376314727	1900
attack	0.010743265288702104	1910
attack	0.011342909829632425	1920
attack	0.011841479274459938	1930
attack	0.012354998255487196	1940
attack	0.012892793153868338	1950
attack	0.013413934230264012	1960
attack	0.014032917265727855	1970
attack	0.014691300121476328	1980
attack	0.015412133103308632	1990
attack	0.016225120623537932	2000
infertile	2.786421051141388e-05	1810
infertile	8.710510712849148e-05	1820
infertile	0.000124234964538308	1830
infertile	0.00016625050710807136	1840
infertile	0.00020547751025324333	1850
infertile	0.00024181302566442166	1860
infertile	0.00027236087068837077	1870
infertile	0.000300948103309405	1880
infertile	0.0003292288948410132	1890
infertile	0.0003588729858193602	1900
infertile	0.00039254327313832015	1910
infertile	0.00042196547531388087	1920
infertile	0.00044845322866269275	1930
infertile	0.0004740564165178009	1940
infertile	0.0004950136907860724	1950
infertile	0.0005194710133695972	1960
infertile	0.00054515281055028	1970
infertile	0.0005697510337597559	1980
infertile	0.000596886017754721	1990
infertile	0.0006220768727226464	2000
transgender	0.0	1810
transgender	9.619011564113117e-06	1820
transgender	1.95356815555548e-05	1830
transgender	3.0006431912057342e-05	1840
transgender	4.299593377726257e-05	1850
transgender	5.508678119311393e-05	1860
transgender	6.375731615291904e-05	1870
transgender	7.41526734696588e-05	1880
transgender	8.454153566494345e-05	1890
transgender	9.571881586989395e-05	1900
transgender	0.00011142218516571138	1910
transgender	0.0001257989430469513	1920
transgender	0.00014151623681992836	1930
transgender	0.00015543386714116667	1940
transgender	0.00017487249834651986	1950
transgender	0.00019608366720532227	1960
transgender	0.00021508639804391865	1970
transgender	0.00024082577593837032	1980
transgender	0.00027222099080100314	1990
transgender	0.000307777591364473	2000
jewish	0.0009347993203829172	1810
jewish	0.0023396330569131524	1820
jewish	0.003322094465115653	1830
jewish	0.004644324915197544	1840
jewish	0.005747624768897624	1850
jewish	0.006853370548975405	1860
jewish	0.007935321244208038	1870
jewish	0.008925611622470827	1880
jewish	0.009839988902658832	1890
jewish	0.010653828542972985	1900
jewish	0.011496800025524657	1910
jewish	0.01227540176775576	1920
jewish	0.013014255294658031	1930
jewish	0.013741943847939942	1940
jewish	0.014474320312482703	1950
jewish	0.015283835456067757	1960
jewish	0.016122879110018088	1970
jewish	0.01694642297392262	1980
jewish	0.017722792478867665	1990
jewish	0.018409652810151708	2000
homosexual	0.0003559428181458031	1810
homosexual	0.0006678736217248999	1820
homosexual	0.0009914338077247297	1830
homosexual	0.0012573776126655186	1840
homosexual	0.0015680755111353716	1850
homosexual	0.0018817448391476406	1860
homosexual	0.00219576462763396	1870
homosexual	0.002520606284397745	1880
homosexual	0.0028317212257459273	1890
homosexual	0.0031112990214810588	1900
homosexual	0.0034667233289362408	1910
homosexual	0.0037747265597364386	1920
homosexual	0.004047397792616116	1930
homosexual	0.004314929222635455	1940
homosexual	0.00455471211481979	1950
homosexual	0.004782854466664834	1960
homosexual	0.005031396692970357	1970
homosexual	0.005248786660458226	1980
homosexual	0.005496676445292002	1990
homosexual	0.005758614013097937	2000
uneducated	3.954920201620034e-05	1810
uneducated	0.00014169394386368721	1820
uneducated	0.00022886839169543037	1830
uneducated	0.0003067363136504335	1840
uneducated	0.0003866766808507262	1850
uneducated	0.00046255934301791824	1860
uneducated	0.0005394457424296998	1870
uneducated	0.000606273039465884	1880
uneducated	0.0006745352097490419	1890
uneducated	0.0007362532352285511	1900
uneducated	0.0007993378666864484	1910
uneducated	0.000851234201276651	1920
uneducated	0.00089249750972196	1930
uneducated	0.000928998464715396	1940
uneducated	0.0009641442041715035	1950
uneducated	0.0010046099560824262	1960
uneducated	0.0010381627068648946	1970
uneducated	0.0010696501231725571	1980
uneducated	0.001092640017674656	1990
uneducated	0.0011148458291348215	2000
psoriasis	0.0005851484207396914	1810
psoriasis	0.0012143539232112811	1820
psoriasis	0.0018445621448379397	1830
psoriasis	0.00254921713560181	1840
psoriasis	0.0032549800702779607	1850
psoriasis	0.0039024543953713456	1860
psoriasis	0.004574851510466164	1870
psoriasis	0.005216817862312173	1880
psoriasis	0.005849489076204811	1890
psoriasis	0.006471346779781321	1900
psoriasis	0.007080217808799178	1910
psoriasis	0.00770409178397848	1920
psoriasis	0.008349399269017066	1930
psoriasis	0.008989139777863359	1940
psoriasis	0.009625527153379238	1950
psoriasis	0.010253702366972267	1960
psoriasis	0.01089537623724811	1970
psoriasis	0.011617536960390229	1980
psoriasis	0.012463624567777795	1990
psoriasis	0.01338212609541249	2000
unemployed	0.0007667152118140657	1810
unemployed	0.0013858436545518226	1820
unemployed	0.0019343354405125697	1830
unemployed	0.0025506517589649344	1840
unemployed	0.00321886792456803	1850
unemployed	0.0037653490384990614	1860
unemployed	0.0043629843223510585	1870
unemployed	0.004893412733191439	1880
unemployed	0.005388811923253705	1890
unemployed	0.005788229601534088	1900
unemployed	0.006176086318097976	1910
unemployed	0.006513407268821691	1920
unemployed	0.006936334531221132	1930
unemployed	0.007284702009049674	1940
unemployed	0.007616807552008991	1950
unemployed	0.008040786355959203	1960
unemployed	0.008480142986010866	1970
unemployed	0.008827349865161805	1980
unemployed	0.009153977160130904	1990
unemployed	0.009376390203686224	2000
molested	0.000308304006626289	1810
molested	0.0007269600337500693	1820
molested	0.0010825764320478153	1830
molested	0.0014293040641061778	1840
molested	0.0017455111916009499	1850
molested	0.0020513718473238155	1860
molested	0.0023292883321281654	1870
molested	0.002596053885515267	1880
molested	0.002853939025362863	1890
molested	0.00308403305775586	1900
molested	0.0033242050091780756	1910
molested	0.0035876047665807345	1920
molested	0.0038118035190779116	1930
molested	0.004010753418552028	1940
molested	0.004223233277955184	1950
molested	0.004437190382701782	1960
molested	0.004703869534949706	1970
molested	0.004954078265877709	1980
molested	0.005151564913891984	1990
molested	0.005339176718503177	2000
poor	0.0007844674104463376	1810
poor	0.001333361800493745	1820
poor	0.0018557166267871262	1830
poor	0.0024102687722505015	1840
poor	0.0030524413097357977	1850
poor	0.003595395926503873	1860
poor	0.0042089367612424	1870
poor	0.004726477050511515	1880
poor	0.005218728100514604	1890
poor	0.005616299097717647	1900
poor	0.005972513289364136	1910
poor	0.006258115525326123	1920
poor	0.006517634890482542	1930
poor	0.006756204081932449	1940
poor	0.006978359867136485	1950
poor	0.007238997107123185	1960
poor	0.007494994250911542	1970
poor	0.0077144552028276985	1980
poor	0.007917180783395459	1990
poor	0.00810671284465341	2000
laborer	0.0007469406108059656	1810
laborer	0.0015535634376823084	1820
laborer	0.002488401767902653	1830
laborer	0.003546179500910977	1840
laborer	0.004698044581733952	1850
laborer	0.005852169494766044	1860
laborer	0.007170291781321052	1870
laborer	0.008440288872079534	1880
laborer	0.009745324099110934	1890
laborer	0.011134259104405015	1900
laborer	0.012637137566185957	1910
laborer	0.013988594599923325	1920
laborer	0.015467405761141669	1930
laborer	0.016974984922943408	1940
laborer	0.018290401001691815	1950
laborer	0.019590374398795025	1960
laborer	0.020853471300151263	1970
laborer	0.022135400095015207	1980
laborer	0.02349454807340517	1990
laborer	0.02479316940967436	2000
server	0.0006615502882709875	1810
server	0.0012600283926905492	1820
server	0.0019692624806055955	1830
server	0.0025418402216194056	1840
server	0.003119452996103009	1850
server	0.003684227814066879	1860
server	0.0042764799015448255	1870
server	0.004908979052977377	1880
server	0.005579073781823482	1890
server	0.006162928732703163	1900
server	0.006808264117000273	1910
server	0.007465133587375035	1920
server	0.008169002063675197	1930
server	0.008873253852689745	1940
server	0.009570452035425048	1950
server	0.01027731312594816	1960
server	0.011046282804403736	1970
server	0.011713108091571613	1980
server	0.012407151513533356	1990
server	0.012997980810994582	2000
fat	0.0003676278096505896	1810
fat	0.0007923911457039656	1820
fat	0.0012793073296248313	1830
fat	0.0017674563620678546	1840
fat	0.0022771973736960757	1850
fat	0.002876434255453304	1860
fat	0.0034168641058370504	1870
fat	0.004073296445989902	1880
fat	0.004686645950269339	1890
fat	0.00544606924489004	1900
fat	0.006381669385517721	1910
fat	0.007321424553301332	1920
fat	0.008359101504374949	1930
fat	0.009567232783604641	1940
fat	0.010685225264173686	1950
fat	0.011763337394549891	1960
fat	0.012840904675292615	1970
fat	0.013879947148457151	1980
fat	0.015190812510346876	1990
fat	0.016587112114813597	2000
incontinent	0.0001195464515489692	1810
incontinent	0.00026215211505502717	1820
incontinent	0.00039983239377341516	1830
incontinent	0.0005305842320859436	1840
incontinent	0.0006577004020802653	1850
incontinent	0.0007768456276573007	1860
incontinent	0.0008930508933851521	1870
incontinent	0.0010141355911102384	1880
incontinent	0.0011278883852485066	1890
incontinent	0.0012364537938478954	1900
incontinent	0.0013539225413430342	1910
incontinent	0.0014679753676741499	1920
incontinent	0.001581979870440675	1930
incontinent	0.0017065382852024487	1940
incontinent	0.0018277043067224236	1950
incontinent	0.0019583953450369312	1960
incontinent	0.0020986782266596113	1970
incontinent	0.002258429316309125	1980
incontinent	0.0024181975689612336	1990
incontinent	0.002585187091290157	2000
prostitute	0.00013932105255706938	1810
prostitute	0.00020695949895234097	1820
prostitute	0.00027768303687580106	1830
prostitute	0.0003369289281334801	1840
prostitute	0.00038604346254918144	1850
prostitute	0.00044511229002870527	1860
prostitute	0.0005131558921967123	1870
prostitute	0.0005624277643765654	1880
prostitute	0.0006222948945019179	1890
prostitute	0.0006704543931241177	1900
prostitute	0.0007295896036254843	1910
prostitute	0.0007918192329428281	1920
prostitute	0.0008493627134505047	1930
prostitute	0.0009173315181325268	1940
prostitute	0.0009917450282155194	1950
prostitute	0.0010907749507491733	1960
prostitute	0.001228853965363353	1970
prostitute	0.0013431596263084177	1980
prostitute	0.0014821448608087963	1990
prostitute	0.001636375142290527	2000
pierced	0.0006912121897831377	1810
pierced	0.0012001037063416936	1820
pierced	0.0017468081855016584	1830
pierced	0.0023651126211103202	1840
pierced	0.0028696352134568726	1850
pierced	0.0033834175121760257	1860
pierced	0.0038739487209699	1870
pierced	0.004320949085589709	1880
pierced	0.004806916972724692	1890
pierced	0.005303819973140425	1900
pierced	0.005807931137621771	1910
pierced	0.006306436858573602	1920
pierced	0.006840456811050219	1930
pierced	0.007332902398996737	1940
pierced	0.00784689799109186	1950
pierced	0.008363269889583747	1960
pierced	0.00894661999367036	1970
pierced	0.0095245197453868	1980
pierced	0.010241006140320334	1990
pierced	0.011047714148292457	2000
muslim	0.0002615640406071432	1810
muslim	0.0006377742706702341	1820
muslim	0.0009212834096503652	1830
muslim	0.001302604280228312	1840
muslim	0.0016041578278826103	1850
muslim	0.0018949049243356612	1860
muslim	0.0021293395376280077	1870
muslim	0.002346369140383616	1880
muslim	0.0025252359647458646	1890
muslim	0.002710523682578147	1900
muslim	0.002893305242309643	1910
muslim	0.003083964455839342	1920
muslim	0.0032403147253000043	1930
muslim	0.003426813159911251	1940
muslim	0.003640139120449462	1950
muslim	0.003889070196490502	1960
muslim	0.0041550859397919875	1970
muslim	0.004415966580273931	1980
muslim	0.004661217708601833	1990
muslim	0.004913271870159513	2000
polygamous	2.7864210511413876e-05	1810
polygamous	4.328516555864284e-05	1820
polygamous	6.342599918467168e-05	1830
polygamous	8.920525164466845e-05	1840
polygamous	0.00012591190368166632	1850
polygamous	0.00017118960832748466	1860
polygamous	0.00021201576962828888	1870
polygamous	0.0002525894856859722	1880
polygamous	0.000280975215219553	1890
polygamous	0.0003150780690622661	1900
polygamous	0.0003463904931235958	1910
polygamous	0.0004153383312473621	1920
polygamous	0.00044937081859050245	1930
polygamous	0.0005043957894124422	1940
polygamous	0.0006149204620415403	1950
polygamous	0.0007083252003809834	1960
polygamous	0.0008118057518056001	1970
polygamous	0.0009052536410086095	1980
polygamous	0.0009835113954155881	1990
polygamous	0.0010782228215901542	2000
smoker	0.00010696261454381456	1810
smoker	0.00021353515536525828	1820
smoker	0.00035982525609171964	1830
smoker	0.0005091991251015723	1840
smoker	0.0006420022411861332	1850
smoker	0.0008049767886456297	1860
smoker	0.0009619651501032929	1870
smoker	0.00112664670351389	1880
smoker	0.0013162696730783278	1890
smoker	0.0015509682589470602	1900
smoker	0.0017807538227194153	1910
smoker	0.002054392840822376	1920
smoker	0.00236005740112632	1930
smoker	0.002670359284703614	1940
smoker	0.00295770824710864	1950
smoker	0.00326101239803878	1960
smoker	0.0035683281593107785	1970
smoker	0.003849031079320632	1980
smoker	0.0042053648489885995	1990
smoker	0.004543748652968875	2000
alien	0.0	1810
alien	2.1222898530344812e-05	1820
alien	4.005688417300538e-05	1830
alien	5.980551459223169e-05	1840
alien	7.958057713329038e-05	1850
alien	9.822063356606122e-05	1860
alien	0.00011693980175742853	1870
alien	0.0001448905839304992	1880
alien	0.00017652939152522967	1890
alien	0.0002110331695492073	1900
alien	0.0002491362397925121	1910
alien	0.00029367702383882447	1920
alien	0.0003341609623449775	1930
alien	0.0003773143695674332	1940
alien	0.00042715840438249897	1950
alien	0.0004784298460894155	1960
alien	0.0005497406857215919	1970
alien	0.0006302554884948766	1980
alien	0.0007090793546612974	1990
alien	0.0007893388019019525	2000
hiv	5.3930730022091375e-05	1810
hiv	0.00015867107816465643	1820
hiv	0.00023508324848630784	1830
hiv	0.0003138789584475833	1840
hiv	0.0004011218814228422	1850
hiv	0.000468818032318885	1860
hiv	0.0005428908144258293	1870
hiv	0.0006063767466102045	1880
hiv	0.0006824567980403192	1890
hiv	0.0007630182600392617	1900
hiv	0.0008445531714881153	1910
hiv	0.0009290270722656043	1920
hiv	0.00101075267005209	1930
hiv	0.0011119946774124814	1940
hiv	0.0012155010496008073	1950
hiv	0.0013073605298315645	1960
hiv	0.0014304847326023515	1970
hiv	0.0016615685563099284	1980
hiv	0.0018773626829176955	1990
hiv	0.002108530640663458	2000
herpes	9.61764685393963e-05	1810
herpes	0.00026000503057579906	1820
herpes	0.0003820031334937677	1830
herpes	0.0005091100903530833	1840
herpes	0.0006391989821673027	1850
herpes	0.0007527395961817819	1860
herpes	0.0008658584959885107	1870
herpes	0.0009668419670654116	1880
herpes	0.0010687761187315186	1890
herpes	0.0011666866634833621	1900
herpes	0.0012687821425387514	1910
herpes	0.0013577592283793324	1920
herpes	0.0014567716843995949	1930
herpes	0.00156701857364236	1940
herpes	0.001673714096262814	1950
herpes	0.0017741558733274261	1960
herpes	0.0019066914877620624	1970
herpes	0.0021346160035917907	1980
herpes	0.0023400378113528257	1990
herpes	0.0025563715589838063	2000
dealer	0.00012763606105228292	1810
dealer	0.0002590958857618289	1820
dealer	0.00042152940275342785	1830
dealer	0.00058435619785423	1840
dealer	0.0008086674464817293	1850
dealer	0.0010329778553112216	1860
dealer	0.0013329869780346767	1870
dealer	0.0016630395728411643	1880
dealer	0.0019581645861387765	1890
dealer	0.002280203897435105	1900
dealer	0.0026109649552154756	1910
dealer	0.0029496650716661693	1920
dealer	0.0033859065705261894	1930
dealer	0.003793227029621109	1940
dealer	0.00417979762128694	1950
dealer	0.004561287385730686	1960
dealer	0.005040482285226818	1970
dealer	0.005576254409822907	1980
dealer	0.006114108556865963	1990
dealer	0.006615968996608102	2000
