table	categories	attribute(s)	effect_size	loocv_effect_sizes	missing
vectors1800	good vs. bad	instruments	-0.03197220662130684	[-0.03197220662130684, -0.03197220662130684, -0.03197220662130684, -0.10921421779847537, -0.03197220662130684, -0.03197220662130684, 0.006183231869139277, -0.03197220662130684, -0.03197220662130684, -0.03197220662130684, -0.03197220662130684, -0.09147297198214104, -0.03197220662130684, 0.0065968543958786156, 0.02583258876897148, -0.03197220662130684, -0.03197220662130684, -0.03197220662130684, -0.03197220662130684, -0.03197220662130684, -0.03197220662130684, -0.03911801598384852, -0.03197220662130684, -0.03197220662130684, -0.03197220662130684]	['bongo', 'euphoric', 'bothersome', 'yucky', 'horrendous']
vectors1810	good vs. bad	instruments	0.2851872663272249	[0.2851872663272248, 0.2851872663272248, 0.2851872663272248, 0.3016654083622047, 0.2851872663272248, 0.2851872663272248, 0.3235890498210403, 0.2851872663272248, 0.30479208956318965, 0.2851872663272248, 0.2851872663272248, 0.2278690223037342, 0.2851872663272248, 0.27721716606144153, 0.30666704565402764, 0.2851872663272248, 0.2851872663272248, 0.2851872663272248, 0.2088250945422763, 0.2851872663272248, 0.2851872663272248, 0.35517542432844046, 0.2851872663272248, 0.2851872663272248, 0.23440679076512155]	['bongo', 'euphoric', 'bothersome', 'yucky', 'horrendous']
vectors1820	good vs. bad	instruments	0.4532220011112156	[0.4532220011112155, 0.4532220011112155, 0.4532220011112155, 0.44200961727631494, 0.4532220011112155, 0.4532220011112155, 0.5103331949820767, 0.5249535908773124, 0.4668305545500927, 0.4243918907855948, 0.4532220011112155, 0.42417974018547017, 0.38867469731563603, 0.49252513931388453, 0.4968696930167883, 0.4158153216997045, 0.4532220011112155, 0.4532220011112155, 0.37512053517825816, 0.4532220011112155, 0.4532220011112155, 0.47399583512565563, 0.4532220011112155, 0.4532220011112155, 0.4278493454187002]	['bongo', 'euphoric', 'bothersome', 'yucky', 'horrendous']
vectors1830	good vs. bad	instruments	0.5328900021434394	[0.5328900021434396, 0.5328900021434396, 0.5328900021434396, 0.5308308474477561, 0.5328900021434396, 0.5328900021434396, 0.5478198578454114, 0.5803992104638984, 0.5395323353604132, 0.527675068977762, 0.5328900021434396, 0.5164503707016772, 0.47742477998558325, 0.5356516040764183, 0.5776878900193181, 0.5140474497710947, 0.5328900021434396, 0.5328900021434396, 0.4951762741884728, 0.5328900021434396, 0.5328900021434396, 0.5645630724961951, 0.5328900021434396, 0.5328900021434396, 0.49258119431694514]	['bongo', 'euphoric', 'bothersome', 'yucky', 'horrendous']
vectors1840	good vs. bad	instruments	0.49428906319277205	[0.49428906319277205, 0.49428906319277205, 0.49428906319277205, 0.48889604466153996, 0.49428906319277205, 0.49428906319277205, 0.5266250028644658, 0.5367081703518801, 0.5135372361305439, 0.4759082031534883, 0.49428906319277205, 0.4336264630479767, 0.49428906319277205, 0.5157897975045844, 0.552721016398854, 0.411126980037742, 0.49428906319277205, 0.49428906319277205, 0.45397686162606055, 0.49428906319277205, 0.49428906319277205, 0.534356954818796, 0.49428906319277205, 0.49428906319277205, 0.45417047713065756]	['bongo', 'euphoric', 'bothersome', 'yucky', 'horrendous']
vectors1850	good vs. bad	instruments	0.44377487070381394	[0.443774870703814, 0.443774870703814, 0.443774870703814, 0.43696647310263004, 0.443774870703814, 0.443774870703814, 0.4726246483996901, 0.5042995002752284, 0.4417401813849496, 0.4186260714528018, 0.443774870703814, 0.4223607994519767, 0.4101092224476079, 0.4654132078913051, 0.5106451703592592, 0.4025147541383942, 0.443774870703814, 0.443774870703814, 0.37409891417380103, 0.443774870703814, 0.443774870703814, 0.45098544053307527, 0.443774870703814, 0.443774870703814, 0.4297818119560237]	['bongo', 'euphoric', 'bothersome', 'yucky', 'horrendous']
vectors1860	good vs. bad	instruments	0.5738489247421064	[0.5738489247421065, 0.5738489247421065, 0.5738489247421065, 0.5704288930845035, 0.5738489247421065, 0.5738489247421065, 0.6377428394155822, 0.6175081908236816, 0.560263389748821, 0.5291935791593313, 0.5738489247421065, 0.5382160741008739, 0.5738489247421065, 0.619671465564339, 0.6367524968414369, 0.5084219698828862, 0.5738489247421065, 0.5738489247421065, 0.5016149105284297, 0.5738489247421065, 0.5738489247421065, 0.5825008349655966, 0.5738489247421065, 0.5738489247421065, 0.5471334232381654]	['bongo', 'euphoric', 'bothersome', 'yucky', 'horrendous']
vectors1870	good vs. bad	instruments	0.27826761178337295	[0.27826761178337295, 0.27826761178337295, 0.27826761178337295, 0.23989982507620902, 0.27826761178337295, 0.27826761178337295, 0.32010197339302027, 0.30254922747211077, 0.26823314217050787, 0.31464932983437777, 0.27826761178337295, 0.22450749149414528, 0.27826761178337295, 0.3087329786574116, 0.32693580799679695, 0.19971533687380402, 0.27826761178337295, 0.27826761178337295, 0.23092365577312854, 0.27826761178337295, 0.27826761178337295, 0.2993425767355215, 0.27826761178337295, 0.27749835830088593, 0.285756629003721]	['bongo', 'euphoric', 'bothersome', 'yucky', 'horrendous']
vectors1880	good vs. bad	instruments	0.5701255666036691	[0.5701255666036691, 0.5701255666036691, 0.5701255666036691, 0.546986735421856, 0.5701255666036691, 0.5701255666036691, 0.6085825936476057, 0.5945509005257825, 0.5773358029254548, 0.5644543998383978, 0.5701255666036691, 0.5487167916233747, 0.5447864568356652, 0.5916785750177, 0.6128003242237188, 0.5399598487908225, 0.5701255666036691, 0.5701255666036691, 0.5241511498208751, 0.5701255666036691, 0.5701255666036691, 0.5786728080950008, 0.5701255666036691, 0.5720953618290928, 0.5521239493654729]	['bongo', 'euphoric', 'bothersome', 'yucky', 'horrendous']
vectors1890	good vs. bad	instruments	0.5729206633778657	[0.5729206633778656, 0.5729206633778656, 0.6522832233857095, 0.5564362207421016, 0.5729206633778656, 0.5729206633778656, 0.6353050593863686, 0.569389720372804, 0.5489308490519141, 0.570081121674875, 0.5729206633778656, 0.5420207050918653, 0.5909224265426952, 0.5707874965049714, 0.5926086302569844, 0.5336394388583053, 0.5729206633778656, 0.5729206633778656, 0.5340457618394066, 0.5729206633778656, 0.5729206633778656, 0.5716640203507309, 0.5729206633778656, 0.5969704813590542, 0.5010794477642702]	['bongo', 'euphoric', 'bothersome', 'yucky', 'horrendous']
vectors1900	good vs. bad	instruments	0.4576282762953888	[0.45762827629538877, 0.47637371085608776, 0.4868417155920423, 0.4393656715415681, 0.4687724799002024, 0.4747436540782708, 0.4780615857312773, 0.45267478230799996, 0.4523932181554204, 0.43970595202221713, 0.45762827629538877, 0.4255496137630213, 0.42900772484209404, 0.46888852808001324, 0.4787454723464565, 0.4286891500705218, 0.45762827629538877, 0.4745654675600859, 0.40621670503505625, 0.45762827629538877, 0.45762827629538877, 0.4554587716177816, 0.5072878487336496, 0.46542929748118655, 0.4301577538110268]	['bongo', 'euphoric', 'bothersome', 'yucky', 'horrendous']
vectors1910	good vs. bad	instruments	0.4905028518693025	[0.4905028518693024, 0.5095319728576252, 0.5029995879393409, 0.4865125987757996, 0.5129468374545747, 0.4850206426757156, 0.5271679638296072, 0.5005288030893901, 0.4814923747938301, 0.49255417826649417, 0.4905028518693024, 0.44476502557520503, 0.46915090722112457, 0.5002829611538191, 0.5066645724160449, 0.47319764342100545, 0.4905028518693024, 0.4858446335026917, 0.4381328696604166, 0.4905028518693024, 0.4905028518693024, 0.5113640679366529, 0.5148093772413428, 0.49386965132805116, 0.4591429989988412]	['bongo', 'euphoric', 'bothersome', 'yucky', 'horrendous']
vectors1920	good vs. bad	instruments	0.3748567896157734	[0.3748567896157735, 0.342634669376725, 0.39149894814789254, 0.35509676086641273, 0.38266268038830353, 0.4078845679892252, 0.41074653595753063, 0.3732649240483466, 0.38036697333060254, 0.37115653659133935, 0.3748567896157735, 0.3427600954053074, 0.36408213403022993, 0.3848428991351655, 0.39438234948188494, 0.36441768691278803, 0.3748567896157735, 0.40447717533392974, 0.3343998501713518, 0.3748567896157735, 0.3748567896157735, 0.4010690044091788, 0.37664811771130857, 0.3622287951120182, 0.33926046172330915]	['bongo', 'euphoric', 'bothersome', 'yucky', 'horrendous']
vectors1930	good vs. bad	instruments	0.4485374290807249	[0.4485374290807249, 0.4485374290807249, 0.48751173544537063, 0.446033098443447, 0.4774956733695916, 0.4470265466222019, 0.49039600886002105, 0.4466939746344065, 0.4433597189981213, 0.400947973230207, 0.4485374290807249, 0.42605006292036274, 0.4529892253082511, 0.45580205223376896, 0.4383267511383413, 0.42272466766845224, 0.4485374290807249, 0.4585989508176497, 0.4021567862078047, 0.4485374290807249, 0.4485374290807249, 0.45985128092780925, 0.49035833576828897, 0.4511840334388153, 0.41068418843398874]	['bongo', 'euphoric', 'bothersome', 'yucky', 'horrendous']
vectors1940	good vs. bad	instruments	0.29810322963308283	[0.29810322963308294, 0.32450929175440213, 0.3323104843867733, 0.2737755809711934, 0.2990051644276296, 0.3104171149964861, 0.3098954902868029, 0.3204712694223311, 0.2831980847847289, 0.2843471407517782, 0.29810322963308294, 0.288821068598723, 0.26596376872772437, 0.28892550550573076, 0.30262734183947376, 0.27813280702287085, 0.29810322963308294, 0.3168065159551431, 0.24932340000856398, 0.29810322963308294, 0.3184257126246069, 0.3000331996462473, 0.31723861947179005, 0.30606400212414414, 0.28400071984708636]	['bongo', 'euphoric', 'bothersome', 'yucky', 'horrendous']
vectors1950	good vs. bad	instruments	0.38481758512770947	[0.38481758512770936, 0.40849399064916175, 0.40156340946443575, 0.3536909711032284, 0.40333015678854195, 0.38949723304876505, 0.4077094732700311, 0.3824618182407827, 0.3853962806402424, 0.3786275805375587, 0.38481758512770936, 0.38253207204051065, 0.37148170487684445, 0.38717025540617606, 0.3693283368224371, 0.3579058755549175, 0.38481758512770936, 0.4000979598616141, 0.3461201196938122, 0.38481758512770936, 0.40916155057928905, 0.38888749291809915, 0.40970974862985005, 0.3846494620977723, 0.3576401643125774]	['bongo', 'euphoric', 'bothersome', 'yucky', 'horrendous']
vectors1960	good vs. bad	instruments	0.45605929248831234	[0.4560592924883125, 0.4908222350313038, 0.4679378863805033, 0.44139678847236097, 0.4767767241964571, 0.45212198643643753, 0.45671228296731314, 0.481387184213848, 0.4405075905092155, 0.45253880050419537, 0.4560592924883125, 0.440215782337969, 0.4680585752937494, 0.4351666413832266, 0.4506889275866465, 0.4441748110600878, 0.4560592924883125, 0.46124300095986837, 0.4223923323773229, 0.4560592924883125, 0.47319490933892455, 0.4507520444988208, 0.47802257937524517, 0.4595000764175348, 0.42649669063087875]	['bongo', 'euphoric', 'bothersome', 'yucky', 'horrendous']
vectors1970	good vs. bad	instruments	0.49806786704039696	[0.498067867040397, 0.5055822223016636, 0.5092182681268682, 0.4807347021383468, 0.5079045754417736, 0.5015035008559825, 0.4966895962447538, 0.5102143927212043, 0.4830878330206276, 0.47409199714998435, 0.498067867040397, 0.49398626801364764, 0.500012991596354, 0.48891814581476384, 0.49490923866499265, 0.5048025928287734, 0.5006677943868127, 0.49018220819520664, 0.4660574088956444, 0.5181024275740533, 0.5351160552450445, 0.4988055568326959, 0.5244464808420068, 0.4840433921956301, 0.4804223306150123]	['bongo', 'euphoric', 'bothersome', 'yucky', 'horrendous']
vectors1980	good vs. bad	instruments	0.5880275775227425	[0.5880275775227428, 0.5794207769589867, 0.6089225853804879, 0.5792726653280202, 0.6105658090095761, 0.59689582534174, 0.5886255204938626, 0.5718259229409097, 0.5855727908032604, 0.5748654282533313, 0.5880275775227428, 0.5765370022239377, 0.5883147865084839, 0.5923773311747049, 0.5715126254937191, 0.5845008430772425, 0.5895947808163293, 0.609883326620309, 0.5512428310523257, 0.5810185233291044, 0.6025783997735279, 0.5738302318661139, 0.6014087812806569, 0.6177222945131569, 0.5795569703678258]	['bongo', 'euphoric', 'bothersome', 'yucky', 'horrendous']
vectors1990	good vs. bad	instruments	0.3369343542478237	[0.3369343542478238, 0.33549468131138077, 0.346254462441961, 0.3285288476893156, 0.3544923640707351, 0.349004633933563, 0.352356344945307, 0.3263351985716183, 0.3160770614716178, 0.3197571794767808, 0.34677590253690327, 0.3170273995512303, 0.3560272078322827, 0.35360125719627516, 0.33702046043996786, 0.3120231895138685, 0.3326296752397516, 0.353443224991213, 0.3061901747336824, 0.34667619262880983, 0.34485096136665677, 0.3235872263803463, 0.35217993497112277, 0.359476621917112, 0.3106309107140137]	['bongo', 'euphoric', 'bothersome', 'yucky', 'horrendous']
vectors1800	good vs. bad	weapons	-0.7897204968679671	[-0.8003651657208614, -0.7598873779952877, -0.7855266297030651, -0.7897204968679671, -0.794717644679392, -0.7891400174122659, -0.8068323807918817, -0.7897204968679671, -0.7897204968679671, -0.7897204968679671, -0.8017985237524343, -0.7897204968679671, -0.7897204968679671, -0.7803099838466229, -0.8101444516284899, -0.7897204968679671, -0.792775415483631, -0.7897204968679671, -0.7897204968679671, -0.8231275847011895, -0.7761411134958057, -0.7897204968679671, -0.7466178092370325, -0.7675898534852661]	['teargas', 'slingshot', 'euphoric', 'bothersome', 'yucky', 'horrendous']
vectors1810	good vs. bad	weapons	-0.7547567502437464	[-0.7535673744477737, -0.7407493452565413, -0.7527961405920933, -0.754797449348144, -0.7602668562442437, -0.7669595557401514, -0.7531465733178667, -0.7547567502437463, -0.7547567502437463, -0.7547567502437463, -0.7740952888840821, -0.7547567502437463, -0.7581605576885585, -0.755655080405748, -0.7626798829561838, -0.7547567502437463, -0.7593366479101742, -0.7547567502437463, -0.7547567502437463, -0.7723312434790077, -0.7292984839431012, -0.7547567502437463, -0.7177182442010199, -0.7435332924219555]	['teargas', 'slingshot', 'euphoric', 'bothersome', 'yucky', 'horrendous']
vectors1820	good vs. bad	weapons	-0.5778862934558927	[-0.5750273052687831, -0.5554220988681, -0.6134199963253585, -0.5994339506928127, -0.5835178013891557, -0.5808498615210388, -0.5883325821058534, -0.5778862934558929, -0.5778862934558929, -0.5778862934558929, -0.5764058646324509, -0.5778862934558929, -0.5393068613954538, -0.5479687602605816, -0.5859033834555166, -0.5778862934558929, -0.5699776496820163, -0.5954082885107739, -0.5778862934558929, -0.6105629379961796, -0.5695941722642617, -0.5778862934558929, -0.5546620689638107, -0.5576344153978597]	['teargas', 'slingshot', 'euphoric', 'bothersome', 'yucky', 'horrendous']
vectors1830	good vs. bad	weapons	-0.40490742910312494	[-0.398975833380003, -0.4189893746250046, -0.4222279385517976, -0.3906704064834056, -0.4177088186007235, -0.42406059070639757, -0.41929823730450216, -0.4049074291031248, -0.4049074291031248, -0.4049074291031248, -0.42225639599602094, -0.4049074291031248, -0.407299888382776, -0.38119724360839713, -0.3978116328912556, -0.4049074291031248, -0.4058328502946536, -0.4534634585576374, -0.4049074291031248, -0.39889060804755866, -0.3823445225904748, -0.40872377104676627, -0.35339908790252783, -0.3683079086638014]	['teargas', 'slingshot', 'euphoric', 'bothersome', 'yucky', 'horrendous']
vectors1840	good vs. bad	weapons	-0.41940373090747807	[-0.41319697427335694, -0.37924087543233415, -0.43069573755454155, -0.43654961477175247, -0.4202946828558566, -0.419791604112311, -0.43034926197790735, -0.41940373090747796, -0.41940373090747796, -0.41940373090747796, -0.4214518369813778, -0.41940373090747796, -0.40013755957739916, -0.40155472684029664, -0.43705368358746705, -0.41940373090747796, -0.42915917749502663, -0.4789763523605585, -0.41940373090747796, -0.43061075643579233, -0.39352852458304516, -0.42243349287824017, -0.38710203242824387, -0.40048938171227405]	['teargas', 'slingshot', 'euphoric', 'bothersome', 'yucky', 'horrendous']
vectors1850	good vs. bad	weapons	-0.6493211614833889	[-0.6580624660711344, -0.6257720900808915, -0.648428364185739, -0.6457642034302692, -0.6812181129322991, -0.6620943400194542, -0.6390869841971532, -0.6493211614833889, -0.6493211614833889, -0.6493211614833889, -0.6622061770361551, -0.6338865664162561, -0.6452526025838492, -0.6276161703959381, -0.6649547941948172, -0.5891933709124773, -0.6621344370559167, -0.6898168677294154, -0.6493211614833889, -0.6784244951860477, -0.6339468862523945, -0.6587858492375825, -0.6247148857468602, -0.6324378045956242]	['teargas', 'slingshot', 'euphoric', 'bothersome', 'yucky', 'horrendous']
vectors1860	good vs. bad	weapons	-0.3988312392937371	[-0.34946258179720197, -0.36020413743978935, -0.4101199578840907, -0.38745751331234785, -0.43113825441615855, -0.37659888799608254, -0.40130511958534065, -0.39883123929373704, -0.39883123929373704, -0.39883123929373704, -0.43089865361848806, -0.39883123929373704, -0.3978534977603714, -0.36333504145932116, -0.39372887206536067, -0.39883123929373704, -0.4298285958910453, -0.45521452863667083, -0.39883123929373704, -0.3955193345902018, -0.4009155118503852, -0.3943298200373393, -0.38694512813872184, -0.39801654424944166]	['teargas', 'slingshot', 'euphoric', 'bothersome', 'yucky', 'horrendous']
vectors1870	good vs. bad	weapons	-0.6780615461046483	[-0.6829971370973597, -0.6627903202543782, -0.6761653573481722, -0.6788435121211575, -0.7021901310860357, -0.6983617388204821, -0.6650949120652956, -0.6780615461046485, -0.6780615461046485, -0.6780615461046485, -0.6952106541776591, -0.6468078179822698, -0.6263363648018934, -0.642587752406864, -0.689339248105524, -0.6780615461046485, -0.7019057542895496, -0.725868270598232, -0.6780615461046485, -0.6639982626243155, -0.6743185064131229, -0.7034168210829344, -0.6735338232387842, -0.6499079434802227]	['teargas', 'slingshot', 'euphoric', 'bothersome', 'yucky', 'horrendous']
vectors1880	good vs. bad	weapons	-0.6521882230324745	[-0.6486486158394754, -0.6288739719716918, -0.6574755869263382, -0.6545407459395615, -0.6769346729802855, -0.663873182889112, -0.6416568829568451, -0.6239139341007534, -0.6521882230324743, -0.6521882230324743, -0.6673007973678196, -0.6203365172868422, -0.6568775683992838, -0.625267783180913, -0.6597244034260681, -0.5847761392964742, -0.6800896979831128, -0.6975809167725053, -0.6521882230324743, -0.6659610027575842, -0.6732858129040368, -0.6694929741680798, -0.6402587770437462, -0.6375857804183871]	['teargas', 'slingshot', 'euphoric', 'bothersome', 'yucky', 'horrendous']
vectors1890	good vs. bad	weapons	-0.660656749486467	[-0.6650291096244374, -0.6561657995148484, -0.6805954291040323, -0.6469328945324465, -0.678957550849324, -0.6753292310918058, -0.6732274819579847, -0.617424188384773, -0.6606567494864669, -0.6606567494864669, -0.6738493979077987, -0.6437088910443887, -0.6526262749011447, -0.6357900386652365, -0.6593556748740586, -0.6229744662009714, -0.6869024689451951, -0.6950899895851502, -0.6606567494864669, -0.6815811648465813, -0.6683983056713487, -0.6532485767956479, -0.6452284373070286, -0.6441196126962239]	['teargas', 'slingshot', 'euphoric', 'bothersome', 'yucky', 'horrendous']
vectors1900	good vs. bad	weapons	-0.4744115217916849	[-0.48314691457845205, -0.47367491681407947, -0.47480809119428663, -0.4489831522092651, -0.5061425900835381, -0.49262038601972474, -0.46000795033951186, -0.44055392643427366, -0.4744115217916847, -0.4744115217916847, -0.494805454888762, -0.4731702680765003, -0.4474705052832745, -0.46634432498368483, -0.48558449491261707, -0.42118440413617214, -0.5042158021214226, -0.5256174540481677, -0.47889382533031305, -0.4760961154668139, -0.47603649757111716, -0.4791203555723896, -0.46501530066654645, -0.4505849828100796]	['teargas', 'slingshot', 'euphoric', 'bothersome', 'yucky', 'horrendous']
vectors1910	good vs. bad	weapons	-0.4566701715952468	[-0.4663431290667386, -0.4530383726918486, -0.47157206125105633, -0.4457786000139015, -0.47892056059592697, -0.47686132984864327, -0.4601678124882329, -0.413886829716086, -0.456670171595247, -0.456670171595247, -0.47036836205851856, -0.4595204215738278, -0.43612874402985824, -0.43190743708027524, -0.4757422528492124, -0.4065868524186086, -0.459650961344362, -0.4968783997751386, -0.4557679629345829, -0.5048440256263751, -0.47279342977605404, -0.43537350784880713, -0.43690969372321437, -0.42547580506670807]	['teargas', 'slingshot', 'euphoric', 'bothersome', 'yucky', 'horrendous']
vectors1920	good vs. bad	weapons	-0.6710703752970699	[-0.6950336835606619, -0.66403835673242, -0.6819523586681692, -0.6504823944964996, -0.6685316833177783, -0.6879789086783009, -0.6873363830505416, -0.6387860992474153, -0.6710703752970699, -0.6710703752970699, -0.6659027039194669, -0.6684584414110779, -0.6570034770604032, -0.6643762083714836, -0.6777423111492973, -0.6539621583252523, -0.6873332353072716, -0.7103726169486761, -0.6507685304821117, -0.6787679437957553, -0.7084492494072147, -0.6625219415735767, -0.6479673540433281, -0.6415108175809261]	['teargas', 'slingshot', 'euphoric', 'bothersome', 'yucky', 'horrendous']
vectors1930	good vs. bad	weapons	-0.4284175272552828	[-0.43822509342324456, -0.3961700044205704, -0.4314158234795977, -0.40725631245120086, -0.4121588193798975, -0.47916927534359854, -0.4371329387010304, -0.39080904137841116, -0.4284175272552828, -0.4284175272552828, -0.42419306148483427, -0.41718195835578287, -0.4100190781803786, -0.4116575806003403, -0.47005717880490117, -0.4284175272552828, -0.4418521333740028, -0.46213289790984513, -0.4453746534907221, -0.45177599259888496, -0.45149054226466895, -0.40705529138873187, -0.3921066019771211, -0.4093478197198725]	['teargas', 'slingshot', 'euphoric', 'bothersome', 'yucky', 'horrendous']
vectors1940	good vs. bad	weapons	-0.4445361433295511	[-0.44511737487727593, -0.42502285222927133, -0.4359987486358813, -0.41162298369816536, -0.46133486744331326, -0.4814158663386013, -0.4231499747364567, -0.43046752023287377, -0.44453614332955094, -0.4374219411740129, -0.45715304052966327, -0.44078171350537143, -0.4641314590020089, -0.4154257108992584, -0.46770400908061915, -0.43604722252672573, -0.4512814548177839, -0.49712332546864796, -0.4314275698707554, -0.46685780782048664, -0.45492966153731906, -0.42921859276354635, -0.41550018183209514, -0.43523934834580646]	['teargas', 'slingshot', 'euphoric', 'bothersome', 'yucky', 'horrendous']
vectors1950	good vs. bad	weapons	-0.5292939199951433	[-0.5371312308199782, -0.5285374837971698, -0.524957403242197, -0.5055810699404941, -0.546347514269909, -0.5502388309927713, -0.5178196202332679, -0.5035864241191857, -0.4965786438344443, -0.5179445634795139, -0.5474187541124361, -0.5339303568527989, -0.5368014372554618, -0.512414766233586, -0.5234036242249983, -0.5211227237414778, -0.5390866050465022, -0.5620117799196817, -0.528218496882958, -0.5319123696474533, -0.5511078451908509, -0.5281041211316011, -0.5140864351641586, -0.5334659274333596]	['teargas', 'slingshot', 'euphoric', 'bothersome', 'yucky', 'horrendous']
vectors1960	good vs. bad	weapons	-0.29235916908206616	[-0.28887430680417425, -0.2875322577859231, -0.2983886624793781, -0.26211603761991725, -0.2979657924725349, -0.3377187258164087, -0.28798769794211704, -0.2904606738356914, -0.2458531429774065, -0.27980259629934, -0.28598400576130056, -0.31224694685565335, -0.3001530685179594, -0.26523358703739985, -0.2739720972485939, -0.2831243703993525, -0.3047238147778837, -0.3297018287125291, -0.2892814426000129, -0.32580928001002757, -0.31251136011827835, -0.2972739868233965, -0.26503860424595305, -0.28840910161442074]	['teargas', 'slingshot', 'euphoric', 'bothersome', 'yucky', 'horrendous']
vectors1970	good vs. bad	weapons	-0.41708146153809583	[-0.42711152001346964, -0.40424711092893173, -0.4110980700661844, -0.3981292530274346, -0.4530077768189682, -0.45866914333802805, -0.41350353767814835, -0.4224802949847141, -0.3722006918166811, -0.40030361293784056, -0.4118954343650878, -0.438209929554605, -0.447144086743761, -0.38426084099031865, -0.4393658183413161, -0.39617581868796686, -0.41538297696320003, -0.44229228589154, -0.40318311000637047, -0.45615897435525077, -0.43830460326301207, -0.39816630124705255, -0.36561118117571034, -0.40331910231252033]	['teargas', 'slingshot', 'euphoric', 'bothersome', 'yucky', 'horrendous']
vectors1980	good vs. bad	weapons	-0.5675583846066411	[-0.5844761508553842, -0.5617997020955511, -0.5655528615185543, -0.5350048381448411, -0.5793775935930454, -0.6012747499756617, -0.5684820477606055, -0.6064439732807518, -0.5206820878506838, -0.5657826587170163, -0.5557471016746707, -0.5861384079905277, -0.5793583958915997, -0.5371418102906264, -0.5851320740609149, -0.5602248764815383, -0.5689659744130958, -0.5889906347060717, -0.5474861969022087, -0.5691021961433058, -0.5617978596112638, -0.5754985262973985, -0.5242413011254139, -0.5801059563307471]	['teargas', 'slingshot', 'euphoric', 'bothersome', 'yucky', 'horrendous']
vectors1990	good vs. bad	weapons	-0.7301533903978753	[-0.7170009226477838, -0.7347255761337207, -0.7499509095113895, -0.701161028107417, -0.7196590226245186, -0.7956953498438825, -0.7356647899924648, -0.7525415425181922, -0.6731841374481194, -0.7231517551180184, -0.7333755479052211, -0.7238942860285879, -0.7422992465912532, -0.7207225926404047, -0.7490278622645592, -0.7017345994185682, -0.7376391011344666, -0.7508815567665766, -0.7244090771407606, -0.7426055780232589, -0.7483000719212378, -0.7100407658006342, -0.6833427860788776, -0.7307659148692328]	['teargas', 'slingshot', 'euphoric', 'bothersome', 'yucky', 'horrendous']
vectors1800	good vs. bad	flowers	0.1337262798663071	[0.13372627986630703, 0.13372627986630703, 0.13372627986630703, 0.13372627986630703, 0.309895418021972, 0.13372627986630703, 0.13372627986630703, 0.13372627986630703, -0.09958189334470317, 0.13372627986630703, 0.22113833632609434, 0.13372627986630703, 0.13372627986630703, 0.13372627986630703, 0.13372627986630703, 0.13372627986630703, 0.13372627986630703, 0.13372627986630703, 0.13372627986630703, 0.07359265464613078, 0.13372627986630703, 0.14532831344446676]	['bluebell', 'gladiola', 'petunia', 'zinnia', 'euphoric', 'bothersome', 'yucky', 'horrendous']
vectors1810	good vs. bad	flowers	0.23515666524646564	[0.23515666524646564, 0.23515666524646564, 0.23515666524646564, 0.23515666524646564, 0.2833170321313625, 0.23515666524646564, 0.23515666524646564, 0.23515666524646564, 0.06097230208429634, 0.23515666524646564, 0.3588514793445402, 0.23515666524646564, 0.1205223475984233, 0.23515666524646564, 0.23515666524646564, 0.23515666524646564, 0.23515666524646564, 0.23515666524646564, 0.23515666524646564, 0.25249109765811145, 0.23515666524646564, 0.30581428344419875]	['bluebell', 'gladiola', 'petunia', 'zinnia', 'euphoric', 'bothersome', 'yucky', 'horrendous']
vectors1820	good vs. bad	flowers	0.468941672606375	[0.46894167260637487, 0.46894167260637487, 0.46894167260637487, 0.46894167260637487, 0.5147320066275375, 0.46894167260637487, 0.46894167260637487, 0.46894167260637487, 0.30661757380354127, 0.46894167260637487, 0.5600969674955533, 0.46894167260637487, 0.43605229658067, 0.46894167260637487, 0.46894167260637487, 0.46894167260637487, 0.46894167260637487, 0.46894167260637487, 0.46894167260637487, 0.4480784615844666, 0.46894167260637487, 0.5048924156279084]	['bluebell', 'gladiola', 'petunia', 'zinnia', 'euphoric', 'bothersome', 'yucky', 'horrendous']
vectors1830	good vs. bad	flowers	0.3882507864281188	[0.3882507864281189, 0.3882507864281189, 0.3882507864281189, 0.3882507864281189, 0.4639172538807037, 0.3882507864281189, 0.3882507864281189, 0.3882507864281189, 0.16585044900287252, 0.3882507864281189, 0.42968782151316653, 0.3882507864281189, 0.36619426269886773, 0.3882507864281189, 0.3882507864281189, 0.3882507864281189, 0.3882507864281189, 0.3882507864281189, 0.3882507864281189, 0.3987209839894196, 0.3882507864281189, 0.44881803291318034]	['bluebell', 'gladiola', 'petunia', 'zinnia', 'euphoric', 'bothersome', 'yucky', 'horrendous']
vectors1840	good vs. bad	flowers	0.29610713720807313	[0.29610713720807313, 0.29610713720807313, 0.29610713720807313, 0.29610713720807313, 0.3517016668639261, 0.29610713720807313, 0.29610713720807313, 0.29610713720807313, 0.07972349330258131, 0.29610713720807313, 0.388446748954927, 0.29610713720807313, 0.2630374404591484, 0.29610713720807313, 0.29610713720807313, 0.29610713720807313, 0.29610713720807313, 0.29610713720807313, 0.39068984516844485, 0.22418004585650345, 0.29610713720807313, 0.3310382941872037]	['bluebell', 'gladiola', 'petunia', 'zinnia', 'euphoric', 'bothersome', 'yucky', 'horrendous']
vectors1850	good vs. bad	flowers	0.4114668287145879	[0.4114668287145878, 0.4114668287145878, 0.4114668287145878, 0.4114668287145878, 0.4141403523130526, 0.4114668287145878, 0.4114668287145878, 0.4105353677036491, 0.2970073208413598, 0.4114668287145878, 0.49982347194427373, 0.4114668287145878, 0.3745352340571961, 0.4114668287145878, 0.4114668287145878, 0.4114668287145878, 0.4114668287145878, 0.4114668287145878, 0.5181942138631751, 0.3445708873299457, 0.41869970547338153, 0.3960057487333347]	['bluebell', 'gladiola', 'petunia', 'zinnia', 'euphoric', 'bothersome', 'yucky', 'horrendous']
vectors1860	good vs. bad	flowers	0.4482148999239319	[0.44821489992393193, 0.44821489992393193, 0.44821489992393193, 0.44821489992393193, 0.4663277548180896, 0.44821489992393193, 0.44821489992393193, 0.42009201911840877, 0.3046741696361987, 0.44821489992393193, 0.4373481091397929, 0.44821489992393193, 0.4601847750595838, 0.44821489992393193, 0.44821489992393193, 0.44821489992393193, 0.44821489992393193, 0.44821489992393193, 0.5460163215420858, 0.42129840377952876, 0.4902656179067492, 0.4565495575778969]	['bluebell', 'gladiola', 'petunia', 'zinnia', 'euphoric', 'bothersome', 'yucky', 'horrendous']
vectors1870	good vs. bad	flowers	0.43917288014347955	[0.43917288014347966, 0.43917288014347966, 0.43917288014347966, 0.43917288014347966, 0.42920567438149726, 0.43917288014347966, 0.43917288014347966, 0.40771190663339885, 0.3474374597760007, 0.43917288014347966, 0.4815870439791316, 0.48227026659482697, 0.4057496769508164, 0.43917288014347966, 0.43917288014347966, 0.43917288014347966, 0.43917288014347966, 0.43917288014347966, 0.4943849464467197, 0.4053835374862518, 0.4820234673072619, 0.43504032164207734]	['bluebell', 'gladiola', 'petunia', 'zinnia', 'euphoric', 'bothersome', 'yucky', 'horrendous']
vectors1880	good vs. bad	flowers	0.46901201023922306	[0.46901201023922295, 0.46901201023922295, 0.46901201023922295, 0.46901201023922295, 0.48127922477112317, 0.46901201023922295, 0.46901201023922295, 0.4405947598741403, 0.38245276715139975, 0.45769556805769046, 0.4717099175288684, 0.4978708138919762, 0.4596446271512553, 0.46901201023922295, 0.46901201023922295, 0.46901201023922295, 0.46901201023922295, 0.4660339041538466, 0.5499018374102794, 0.41292809644021816, 0.5067681787959089, 0.4806163288629456]	['bluebell', 'gladiola', 'petunia', 'zinnia', 'euphoric', 'bothersome', 'yucky', 'horrendous']
vectors1890	good vs. bad	flowers	0.5096349740606764	[0.5096349740606763, 0.5096349740606763, 0.5096349740606763, 0.5096349740606763, 0.5219743139049218, 0.5207667770078712, 0.5096349740606763, 0.4799624443550962, 0.42676638490177987, 0.4857786693526031, 0.5006359433803178, 0.5193582033158611, 0.4907104380172889, 0.5096349740606763, 0.5296618684882589, 0.5096349740606763, 0.5096349740606763, 0.5505235842708687, 0.5613395484744419, 0.47647716451573285, 0.5323340417860415, 0.5252496362491664]	['bluebell', 'gladiola', 'petunia', 'zinnia', 'euphoric', 'bothersome', 'yucky', 'horrendous']
vectors1900	good vs. bad	flowers	0.4673268762427445	[0.4673268762427443, 0.4673268762427443, 0.47197598946108443, 0.46475926743607837, 0.4679603743180408, 0.4948696532194278, 0.4673268762427443, 0.44741773457859874, 0.4082741841645719, 0.45778426265967037, 0.4941146804978084, 0.46519685277488254, 0.4509201231432657, 0.48226552649614257, 0.4673268762427443, 0.4673268762427443, 0.4516018607767891, 0.5019797874043422, 0.5041318646673785, 0.42871625598690144, 0.47271565317712255, 0.46846040589574933]	['bluebell', 'gladiola', 'petunia', 'zinnia', 'euphoric', 'bothersome', 'yucky', 'horrendous']
vectors1910	good vs. bad	flowers	0.6674296673362122	[0.6674296673362121, 0.6674296673362121, 0.6674296673362121, 0.6674296673362121, 0.699051278492035, 0.6674296673362121, 0.6674296673362121, 0.6245278090459406, 0.5619036746577052, 0.663643861278955, 0.6902222648190582, 0.6678489047078007, 0.6661758562327736, 0.6674296673362121, 0.6674296673362121, 0.6674296673362121, 0.6674296673362121, 0.6674296673362121, 0.7058967978418369, 0.6433168508399179, 0.7041760001451256, 0.68321237903936]	['bluebell', 'gladiola', 'petunia', 'zinnia', 'euphoric', 'bothersome', 'yucky', 'horrendous']
vectors1920	good vs. bad	flowers	0.4596782389569251	[0.4596782389569253, 0.4596782389569253, 0.4596782389569253, 0.48462133282521297, 0.44728917302099114, 0.4596782389569253, 0.4596782389569253, 0.4533850964350509, 0.3623892173631143, 0.4836581107341483, 0.49429146507304694, 0.4711766801395395, 0.4326639916765331, 0.4596782389569253, 0.4596782389569253, 0.4596782389569253, 0.4596782389569253, 0.4596782389569253, 0.483373027919196, 0.423124467343064, 0.49901058788959396, 0.45982409961388077]	['bluebell', 'gladiola', 'petunia', 'zinnia', 'euphoric', 'bothersome', 'yucky', 'horrendous']
vectors1930	good vs. bad	flowers	0.48929331038186635	[0.4892933103818662, 0.4892933103818662, 0.4892933103818662, 0.5122612675016883, 0.4856619182643868, 0.4892933103818662, 0.4892933103818662, 0.4356592445203495, 0.40324365533511985, 0.4892933103818662, 0.5221977159580443, 0.4857995910099472, 0.4774287825828527, 0.4892933103818662, 0.4892933103818662, 0.4892933103818662, 0.4824263824522092, 0.4892933103818662, 0.5474143255840783, 0.44691804541475116, 0.5371136377772647, 0.5110076831096576]	['bluebell', 'gladiola', 'petunia', 'zinnia', 'euphoric', 'bothersome', 'yucky', 'horrendous']
vectors1940	good vs. bad	flowers	0.5197782392766778	[0.519778239276678, 0.519778239276678, 0.519778239276678, 0.5864661245583132, 0.5198103423186291, 0.519778239276678, 0.519778239276678, 0.4792391619278414, 0.431749996683168, 0.519778239276678, 0.5687043736489407, 0.49813131368853836, 0.4796168445641411, 0.519778239276678, 0.519778239276678, 0.519778239276678, 0.519778239276678, 0.519778239276678, 0.5624261937211976, 0.46636104680972507, 0.531667880475043, 0.5632557560759989]	['bluebell', 'gladiola', 'petunia', 'zinnia', 'euphoric', 'bothersome', 'yucky', 'horrendous']
vectors1950	good vs. bad	flowers	0.40446207662039835	[0.4044620766203981, 0.4044620766203981, 0.4044620766203981, 0.43140525508728855, 0.41196444302163404, 0.4044620766203981, 0.4044620766203981, 0.38928344073575577, 0.31719446745345753, 0.4049620613443832, 0.4330522329070281, 0.38743455270461846, 0.38617633429216675, 0.43790694641782507, 0.4044620766203981, 0.4044620766203981, 0.4254142069628479, 0.4044620766203981, 0.42722758050677434, 0.36266559094890916, 0.4361583253665158, 0.398677316238855]	['bluebell', 'gladiola', 'petunia', 'zinnia', 'euphoric', 'bothersome', 'yucky', 'horrendous']
vectors1960	good vs. bad	flowers	0.33534125969633694	[0.33534125969633716, 0.33534125969633716, 0.33534125969633716, 0.35729459969599126, 0.3586317722022698, 0.3434884740210553, 0.33534125969633716, 0.31734973057861665, 0.2541740782612345, 0.32472625227901125, 0.3604048546514965, 0.32042020930003473, 0.3094499676308202, 0.3310436153695677, 0.33534125969633716, 0.33534125969633716, 0.3692217226781058, 0.33534125969633716, 0.3739609474218977, 0.3153090113910901, 0.34755422041635603, 0.3382211184227974]	['bluebell', 'gladiola', 'petunia', 'zinnia', 'euphoric', 'bothersome', 'yucky', 'horrendous']
vectors1970	good vs. bad	flowers	0.3175781477447041	[0.35179149270572224, 0.31757814774470383, 0.31757814774470383, 0.3233138668851599, 0.3396534437336048, 0.31757814774470383, 0.31757814774470383, 0.3111432051811308, 0.2512326825115339, 0.30277628851866994, 0.3350717120463049, 0.3246522079349131, 0.297350069138005, 0.31482842700203134, 0.31757814774470383, 0.30906144414836867, 0.3225136008632909, 0.31757814774470383, 0.3438595192528607, 0.29900369571275853, 0.33100781713221494, 0.317059636715144]	['bluebell', 'gladiola', 'petunia', 'zinnia', 'euphoric', 'bothersome', 'yucky', 'horrendous']
vectors1980	good vs. bad	flowers	0.2060793875316208	[0.23210618426748636, 0.20607938753162067, 0.20607938753162067, 0.23185209749405555, 0.2243007669344016, 0.19602560348428533, 0.20437766604354848, 0.1666427910579739, 0.1431343704759863, 0.2315053797284197, 0.20740555516317744, 0.2146597321526443, 0.18111076531700476, 0.1989680986621802, 0.20607938753162067, 0.19274612227867385, 0.23323427144363415, 0.20607938753162067, 0.23843347068103268, 0.18925431578405888, 0.22311933995469255, 0.19522090404091968]	['bluebell', 'gladiola', 'petunia', 'zinnia', 'euphoric', 'bothersome', 'yucky', 'horrendous']
vectors1990	good vs. bad	flowers	0.2025301111394825	[0.21525474526988184, 0.2201270297621912, 0.2143523532348454, 0.2217838462202445, 0.21090387942281272, 0.1874358492550097, 0.22110495170874542, 0.16851278577082737, 0.13902181838274819, 0.2087397489922018, 0.21352951676167392, 0.19633980255870515, 0.17323553557659382, 0.20052900852791078, 0.22257043803023546, 0.21718976904397191, 0.22676909364304312, 0.20253011113948255, 0.21654907853889854, 0.17798368973065465, 0.21402165625536554, 0.18596862010635462]	['bluebell', 'gladiola', 'petunia', 'zinnia', 'euphoric', 'bothersome', 'yucky', 'horrendous']
vectors1800	good vs. bad	insects	-0.25531647840438354	[-0.2553164784043834, -0.40224306992755277, -0.2553164784043834, -0.2553164784043834, -0.2553164784043834, -0.2553164784043834, -0.2553164784043834, -0.2553164784043834, -0.24010645153530513, -0.2553164784043834, -0.2553164784043834, -0.19761529013903953, -0.2553164784043834, -0.2553164784043834, -0.2553164784043834, -0.2553164784043834, -0.2553164784043834, -0.13572544784027668, -0.2553164784043834, -0.2553164784043834, -0.2553164784043834]	['bedbug', 'termite', 'blackfly', 'dragonfly', 'horsefly', 'euphoric', 'bothersome', 'yucky', 'horrendous']
vectors1810	good vs. bad	insects	-0.28159465516670085	[-0.33113208646508113, -0.3770532357198806, -0.28159465516670085, -0.28159465516670085, -0.28159465516670085, -0.28159465516670085, -0.28159465516670085, -0.28159465516670085, -0.30401651818639697, -0.28159465516670085, -0.28159465516670085, -0.27355818482933153, -0.28159465516670085, -0.28159465516670085, -0.28159465516670085, -0.16750234524623503, -0.28159465516670085, -0.2729396585537016, -0.28159465516670085, -0.222080475497399, -0.28159465516670085]	['bedbug', 'termite', 'blackfly', 'dragonfly', 'horsefly', 'euphoric', 'bothersome', 'yucky', 'horrendous']
vectors1820	good vs. bad	insects	-0.27676556592894797	[-0.2879374666249925, -0.356232976834873, -0.27753469904065137, -0.28784630740266215, -0.2767655659289481, -0.2767655659289481, -0.2767655659289481, -0.2767655659289481, -0.23587336927335256, -0.2767655659289481, -0.2767655659289481, -0.2565748871758844, -0.2767655659289481, -0.2767655659289481, -0.2767655659289481, -0.2129644472200401, -0.2767655659289481, -0.3009012318210649, -0.2767655659289481, -0.26080214002855395, -0.2767655659289481]	['bedbug', 'termite', 'blackfly', 'dragonfly', 'horsefly', 'euphoric', 'bothersome', 'yucky', 'horrendous']
vectors1830	good vs. bad	insects	-0.35873286185734826	[-0.3853281984892487, -0.45782391157820584, -0.352189872021778, -0.3347829655247355, -0.3587328618573482, -0.3587328618573482, -0.3587328618573482, -0.3587328618573482, -0.39640710817756036, -0.3290606270109465, -0.3587328618573482, -0.29962779752582275, -0.3587328618573482, -0.3587328618573482, -0.3587328618573482, -0.33769977476137014, -0.3587328618573482, -0.3750516724588234, -0.3587328618573482, -0.2961188785078619, -0.3587328618573482]	['bedbug', 'termite', 'blackfly', 'dragonfly', 'horsefly', 'euphoric', 'bothersome', 'yucky', 'horrendous']
vectors1840	good vs. bad	insects	-0.26242849670668184	[-0.2124067593673686, -0.3450634933057934, -0.2976850189369563, -0.2324830257712668, -0.2624284967066818, -0.2624284967066818, -0.3520816015929615, -0.2624284967066818, -0.2580692425215847, -0.24544174548482617, -0.24606567480763003, -0.25292487694859, -0.2624284967066818, -0.2624284967066818, -0.2624284967066818, -0.2238673263430009, -0.2624284967066818, -0.26445121151480677, -0.2624284967066818, -0.20879523270619396, -0.2624284967066818]	['bedbug', 'termite', 'blackfly', 'dragonfly', 'horsefly', 'euphoric', 'bothersome', 'yucky', 'horrendous']
vectors1850	good vs. bad	insects	-0.26199767699589444	[-0.25415068464061, -0.34408804545592075, -0.26053479993822537, -0.20345032491936269, -0.26199767699589455, -0.26199767699589455, -0.286759654715808, -0.26199767699589455, -0.2592543969374755, -0.22753813324986794, -0.2537510574220976, -0.2433535888662083, -0.27275930859496933, -0.26199767699589455, -0.2521935281728896, -0.2589953841394822, -0.29305759367988304, -0.23397352229304505, -0.26199767699589455, -0.2755579574869998, -0.26199767699589455]	['bedbug', 'termite', 'blackfly', 'dragonfly', 'horsefly', 'euphoric', 'bothersome', 'yucky', 'horrendous']
vectors1860	good vs. bad	insects	-0.26637175748365766	[-0.22488721900857842, -0.32107714861418896, -0.25417616595161907, -0.24701001416485863, -0.26637175748365743, -0.26637175748365743, -0.3594276363960616, -0.26637175748365743, -0.2545020440312735, -0.27592131047409146, -0.23497456944844783, -0.23977131477205968, -0.2811774479030347, -0.26637175748365743, -0.25604738489318385, -0.2606493533725504, -0.26637175748365743, -0.24970090034822393, -0.26637175748365743, -0.2585182173717461, -0.26637175748365743]	['bedbug', 'termite', 'blackfly', 'dragonfly', 'horsefly', 'euphoric', 'bothersome', 'yucky', 'horrendous']
vectors1870	good vs. bad	insects	-0.30574214658176657	[-0.2509545304243334, -0.36926621336507637, -0.29136555790574187, -0.2617596109618681, -0.3057421465817667, -0.3057421465817667, -0.39754262344096525, -0.2663994413556879, -0.3010266708409005, -0.2916116273824826, -0.3057421465817667, -0.3052317140245319, -0.309872670886818, -0.3057421465817667, -0.3057421465817667, -0.31241227062745747, -0.3057421465817667, -0.299085154158081, -0.3057421465817667, -0.30060296639855494, -0.3057421465817667]	['bedbug', 'termite', 'blackfly', 'dragonfly', 'horsefly', 'euphoric', 'bothersome', 'yucky', 'horrendous']
vectors1880	good vs. bad	insects	-0.3292824087637121	[-0.31017706976875736, -0.37322788297677534, -0.3089361338820575, -0.32224811699151595, -0.3292824087637121, -0.3292824087637121, -0.40401894402419036, -0.3475558671145855, -0.32399710712223645, -0.3143470596681336, -0.2861947600048573, -0.29573663241953735, -0.35051492288891356, -0.3292824087637121, -0.28085050892560903, -0.3068918976879889, -0.3930671741833284, -0.3044639093423528, -0.3292824087637121, -0.33109288545268645, -0.3292824087637121]	['bedbug', 'termite', 'blackfly', 'dragonfly', 'horsefly', 'euphoric', 'bothersome', 'yucky', 'horrendous']
vectors1890	good vs. bad	insects	-0.44310543612177833	[-0.4129424921188854, -0.5231126687259164, -0.4473236451127774, -0.41215882634012824, -0.4431054361217782, -0.4431054361217782, -0.5187606656823839, -0.39679151941743024, -0.4704051459912509, -0.4382093892485194, -0.4051173309777992, -0.4393679764330562, -0.4324080324205921, -0.4431054361217782, -0.392425513595159, -0.4427654936590198, -0.4431054361217782, -0.4447837529045476, -0.4431054361217782, -0.45026920485254024, -0.4431054361217782]	['bedbug', 'termite', 'blackfly', 'dragonfly', 'horsefly', 'euphoric', 'bothersome', 'yucky', 'horrendous']
vectors1900	good vs. bad	insects	-0.5229213997038948	[-0.48152884953915803, -0.574896325038597, -0.504345398825161, -0.5369830177464695, -0.522921399703895, -0.522921399703895, -0.6302516717936288, -0.4994081917731269, -0.5349736154543456, -0.4946046588603158, -0.5465030569903755, -0.5067505610627152, -0.5356536535410186, -0.522921399703895, -0.48241463534675144, -0.5171992369420325, -0.522921399703895, -0.5057004454020343, -0.522921399703895, -0.5332024471366124, -0.4542722678449278]	['bedbug', 'termite', 'blackfly', 'dragonfly', 'horsefly', 'euphoric', 'bothersome', 'yucky', 'horrendous']
vectors1910	good vs. bad	insects	-0.3656411906808912	[-0.37456865945771683, -0.43536849812286754, -0.3067560689341031, -0.379065873219225, -0.3656411906808913, -0.3656411906808913, -0.4737429995045029, -0.36532852952228273, -0.34420851111397266, -0.35732785810333334, -0.3581336427724316, -0.3461322247306728, -0.41768036391286784, -0.3656411906808913, -0.29883559059935333, -0.35209979364690386, -0.3656411906808913, -0.3578707720954957, -0.3656411906808913, -0.35650485490251976, -0.31220801179922175]	['bedbug', 'termite', 'blackfly', 'dragonfly', 'horsefly', 'euphoric', 'bothersome', 'yucky', 'horrendous']
vectors1920	good vs. bad	insects	-0.5043214691180354	[-0.460082870367415, -0.5811467047253079, -0.4620875912900889, -0.546471967208122, -0.5043214691180357, -0.5043214691180357, -0.6073451260130583, -0.4854619467723142, -0.5011995072363007, -0.4956266576872602, -0.48831894700124423, -0.4812282258754151, -0.5299522545787261, -0.5043214691180357, -0.41275623311323617, -0.5116324257153394, -0.5043214691180357, -0.5344026525059554, -0.5043214691180357, -0.49854045336858466, -0.45159042276025824]	['bedbug', 'termite', 'blackfly', 'dragonfly', 'horsefly', 'euphoric', 'bothersome', 'yucky', 'horrendous']
vectors1930	good vs. bad	insects	-0.318058290267459	[-0.2892323259098268, -0.40726831959442894, -0.3025022533691115, -0.32289488337428757, -0.3180582902674593, -0.3180582902674593, -0.4341069199219752, -0.2709122397353914, -0.3356305727871921, -0.31241947864580644, -0.324592982787696, -0.2847938012232239, -0.3226923863151176, -0.3180582902674593, -0.23650418281750205, -0.3085945365321553, -0.3180582902674593, -0.32052192343776004, -0.3180582902674593, -0.3230096527304127, -0.28158887896283513]	['bedbug', 'termite', 'blackfly', 'dragonfly', 'horsefly', 'euphoric', 'bothersome', 'yucky', 'horrendous']
vectors1940	good vs. bad	insects	-0.17102142600919248	[-0.14658672857707625, -0.23491111179506247, -0.13145274929313377, -0.20796162863982423, -0.17102142600919235, -0.17102142600919235, -0.27088120286870715, -0.1360888858021547, -0.18304695448332864, -0.15186838374171097, -0.1536787452083201, -0.15429729240489126, -0.19347257114056599, -0.17102142600919235, -0.12541642646942383, -0.14648537809933343, -0.17102142600919235, -0.16128857284378603, -0.17102142600919235, -0.19923157909360822, -0.13540111380268863]	['bedbug', 'termite', 'blackfly', 'dragonfly', 'horsefly', 'euphoric', 'bothersome', 'yucky', 'horrendous']
vectors1950	good vs. bad	insects	-0.41527766676178146	[-0.4096594277911035, -0.4816998812971972, -0.37506787511938916, -0.3947071888498979, -0.41527766676178085, -0.35659358702272603, -0.4993197385697297, -0.42550940318639296, -0.4193511746922639, -0.4274932177071762, -0.3887773781389993, -0.4154107188332677, -0.4294443866153475, -0.41527766676178085, -0.3403827409701969, -0.4193772744966491, -0.41527766676178085, -0.43213073620937487, -0.41527766676178085, -0.4235486548464713, -0.4083219078839599]	['bedbug', 'termite', 'blackfly', 'dragonfly', 'horsefly', 'euphoric', 'bothersome', 'yucky', 'horrendous']
vectors1960	good vs. bad	insects	-0.1720404123596605	[-0.17650553740121844, -0.20326116492886614, -0.19138694357128988, -0.18490880286080405, -0.1720404123596608, -0.1275890718881925, -0.24680295467700503, -0.17020446370297718, -0.17945009593069589, -0.1478623177846492, -0.16577721675772353, -0.1792014997039235, -0.16339975207607496, -0.1583714062165065, -0.13051638522365655, -0.16825622840517138, -0.17410319541936892, -0.17815275041130704, -0.1720404123596608, -0.14718283836548154, -0.17235449363893504]	['bedbug', 'termite', 'blackfly', 'dragonfly', 'horsefly', 'euphoric', 'bothersome', 'yucky', 'horrendous']
vectors1970	good vs. bad	insects	-0.3102691253115174	[-0.3039758604675743, -0.337575262659851, -0.3005139428285194, -0.3258063828229725, -0.3102691253115174, -0.29328223024894245, -0.3640097705831541, -0.31148926274019306, -0.33995238927293353, -0.3006946438777863, -0.3098003991733154, -0.29657833920346066, -0.3152383098990973, -0.29183061655385545, -0.2673906737059887, -0.2948723491172248, -0.3399314559697831, -0.3231735775089529, -0.29166651405753, -0.3143960441579872, -0.27695854053148355]	['bedbug', 'termite', 'blackfly', 'dragonfly', 'horsefly', 'euphoric', 'bothersome', 'yucky', 'horrendous']
vectors1980	good vs. bad	insects	-0.2707760716841771	[-0.2426738967300372, -0.28782397588705466, -0.2587623360118547, -0.3063121762895576, -0.27077607168417694, -0.24706954068392187, -0.30104226995606653, -0.2744941715170463, -0.2883806027538173, -0.2487406385245128, -0.25323199926461465, -0.2644933020258546, -0.2587778023683207, -0.27556420757608435, -0.2435901718096573, -0.2843766838918485, -0.29618787227367666, -0.2945184199301961, -0.26509549628634943, -0.2666944509781564, -0.25315357627619656]	['bedbug', 'termite', 'blackfly', 'dragonfly', 'horsefly', 'euphoric', 'bothersome', 'yucky', 'horrendous']
vectors1990	good vs. bad	insects	-0.29460449669716166	[-0.28795359013747057, -0.3261966547038983, -0.27074893709374276, -0.30091636065339195, -0.2946044966971618, -0.24796082815444867, -0.3419527909796244, -0.31031489336285745, -0.3321073538436942, -0.28733374372311793, -0.2885008205457434, -0.2847969452483918, -0.32282813463731724, -0.30607958572261557, -0.24128878063508422, -0.2967137514052227, -0.3138914270547539, -0.3172720706236466, -0.2571039990711665, -0.29757426485660265, -0.25409860944245366]	['bedbug', 'termite', 'blackfly', 'dragonfly', 'horsefly', 'euphoric', 'bothersome', 'yucky', 'horrendous']
vectors1800	good vs. bad	pleasant	1.1830528564441194	[1.1830528564441198, 1.1607142262477739, 1.1830528564441198, 1.1821008015363208, 1.1864448199205915, 1.1888296672628842, 1.1690667561396226, 1.1919659989248799, 1.1688150857822386, 1.2081895879862816, 1.1609735135157842, 1.2044726387528342, 1.1882717915394052, 1.1836977556890695, 1.1715374184625924, 1.1827491522532945, 1.1757033350264792, 1.1548127979626495, 1.1830528564441198, 1.1830528564441198, 1.193076425856072, 1.2093073097011195, 1.1877391950954388, 1.1788313212740824, 1.167664357633254, 1.162625411336607, 1.193076425856072, 1.2093073097011195, 1.1877391950954388, 1.1788313212740824, 1.1676643576332535, 1.162625411336607]	['euphoric', 'bothersome', 'yucky', 'horrendous']
vectors1810	good vs. bad	pleasant	1.171727594180115	[1.171727594180115, 1.1607847307081705, 1.171727594180115, 1.1657492169226573, 1.1805333815442558, 1.1795955901614321, 1.1582732884589004, 1.1845859938675847, 1.1497980070628973, 1.188974911032062, 1.15195103079141, 1.1932975486915327, 1.1812693484813817, 1.1649155162177809, 1.1589726928987814, 1.1715861360807511, 1.1577332350282148, 1.1509274501797764, 1.171727594180115, 1.159208491306629, 1.178585139230687, 1.1764499257514065, 1.1801972845605253, 1.1817051696655552, 1.1626465576671163, 1.1495799818188246, 1.178585139230687, 1.1764499257514065, 1.1801972845605258, 1.1817051696655552, 1.1626465576671163, 1.1495799818188253]	['euphoric', 'bothersome', 'yucky', 'horrendous']
vectors1820	good vs. bad	pleasant	1.212087816680493	[1.2291601224393063, 1.1892226331645244, 1.2120878166804925, 1.2107838362331473, 1.2134138408369186, 1.2137594093473785, 1.20414808702664, 1.2233444234092705, 1.2013586762592325, 1.229102401281178, 1.192905197711013, 1.2282116009795265, 1.2070784880292047, 1.2102139075164, 1.1968392498595284, 1.214450271995693, 1.196127000242886, 1.1788458449937311, 1.1995224101659168, 1.218739970797802, 1.2251796310589218, 1.2166183652508824, 1.215588216097524, 1.2211621308718867, 1.2050867501836802, 1.189063942003042, 1.2251796310589218, 1.2166183652508822, 1.215588216097524, 1.2211621308718867, 1.20508675018368, 1.1890639420030422]	['euphoric', 'bothersome', 'yucky', 'horrendous']
vectors1830	good vs. bad	pleasant	1.2578345545720506	[1.2578345545720504, 1.2373592631809185, 1.2578345545720504, 1.2620406402491384, 1.2587129554978531, 1.2594928233947902, 1.2499549802957057, 1.2671007514233392, 1.2494108897336946, 1.2684960924518618, 1.2422752651778113, 1.2756549090073566, 1.2597947943765166, 1.2603099729389888, 1.240463568644827, 1.2618480900209095, 1.252770867555905, 1.2205871224131455, 1.240126806019092, 1.2501770806465462, 1.272381691892552, 1.2612348811818042, 1.2619334156989266, 1.2649170277095503, 1.251713979975844, 1.2473543995673257, 1.272381691892552, 1.2612348811818042, 1.2619334156989266, 1.2649170277095503, 1.251713979975844, 1.2473543995673257]	['euphoric', 'bothersome', 'yucky', 'horrendous']
vectors1840	good vs. bad	pleasant	1.2372267534590038	[1.2372267534590027, 1.2235010542940636, 1.2372267534590027, 1.2303770093772486, 1.2376430955926092, 1.2334163334539912, 1.2283583027237974, 1.2472289301113562, 1.236124293705027, 1.2443572702128647, 1.2250210113413766, 1.2538825973599315, 1.2417650036229213, 1.238345198163422, 1.2283120980246893, 1.2445175689894745, 1.2288404589405146, 1.223606925875538, 1.2308383242213363, 1.2332279909306403, 1.248391452654331, 1.2438555360531947, 1.2339689056143646, 1.23929397148722, 1.2257024116583963, 1.224622455823027, 1.2483914526543307, 1.2438555360531947, 1.2339689056143643, 1.23929397148722, 1.2257024116583966, 1.224622455823027]	['euphoric', 'bothersome', 'yucky', 'horrendous']
vectors1850	good vs. bad	pleasant	1.2356571835138788	[1.2449117567366845, 1.2177979644774022, 1.236750526961776, 1.2354171094458004, 1.240651070044971, 1.2369785271752922, 1.2258013988516903, 1.2427976165470034, 1.2256162337506495, 1.2469189972984194, 1.220968741995235, 1.2488636233506338, 1.2396522179622333, 1.2315400475017817, 1.2234588213097903, 1.2385297090642418, 1.2249100010945893, 1.2152853108847346, 1.219688195332607, 1.2374025516077494, 1.2465642181920837, 1.2456695080379514, 1.2435833393728883, 1.2426246627529638, 1.2160743763633544, 1.221147314446292, 1.2465642181920837, 1.2456695080379514, 1.2435833393728883, 1.2426246627529638, 1.2160743763633546, 1.221147314446292]	['euphoric', 'bothersome', 'yucky', 'horrendous']
vectors1860	good vs. bad	pleasant	1.2892132203668571	[1.29830767879352, 1.2721319905413147, 1.2817377864544217, 1.2888704894696825, 1.2871959256593601, 1.2873342367889224, 1.2733494272752082, 1.2963356320126735, 1.2834733610174769, 1.2978667663087557, 1.279050473268257, 1.3029536320140476, 1.2869684713823577, 1.2871471249332838, 1.2761416266472343, 1.29255289704909, 1.2883313741513527, 1.267264807192697, 1.2802234205817498, 1.2839749994385348, 1.3110905319476813, 1.2872208672928542, 1.2920880157524806, 1.2937949089651093, 1.287247671991928, 1.2704736794014764, 1.3110905319476818, 1.2872208672928542, 1.2920880157524808, 1.2937949089651093, 1.287247671991928, 1.2704736794014764]	['euphoric', 'bothersome', 'yucky', 'horrendous']
vectors1870	good vs. bad	pleasant	1.269159085110443	[1.2825446156339828, 1.2599356930137826, 1.249272369217995, 1.2687535914406791, 1.2700926550007, 1.2736386150527896, 1.257226862639846, 1.2718556327149237, 1.2667803804605058, 1.2814477046895503, 1.254395723652819, 1.2799772856111562, 1.2705421192293778, 1.2626869753167, 1.2571455408057892, 1.2645632342262423, 1.2607781844861436, 1.250169111063039, 1.2550664671353782, 1.2673412916188258, 1.2847818391677783, 1.272688855998837, 1.2741117464194744, 1.2747708956399981, 1.2602456461288685, 1.2578909941784964, 1.2847818391677783, 1.2726888559988372, 1.2741117464194744, 1.2747708956399988, 1.2602456461288685, 1.2578909941784964]	['euphoric', 'bothersome', 'yucky', 'horrendous']
vectors1880	good vs. bad	pleasant	1.227837293234858	[1.2442898551890496, 1.2103541978133738, 1.215360428966132, 1.2265440525657092, 1.2220892992971766, 1.2294201885689713, 1.2154870779393552, 1.2365926341335693, 1.2229573258349038, 1.2346260880332922, 1.2141957720362386, 1.2541731016730142, 1.2266745574157307, 1.22810731806993, 1.2198521905383206, 1.2206300047666307, 1.219702344148125, 1.204370282375971, 1.213128933312678, 1.2269458132442546, 1.2557063131586998, 1.2331830313915617, 1.226542133302459, 1.2290477345647473, 1.22201775423104, 1.209150074732986, 1.2557063131586998, 1.2331830313915617, 1.226542133302459, 1.2290477345647475, 1.22201775423104, 1.209150074732986]	['euphoric', 'bothersome', 'yucky', 'horrendous']
vectors1890	good vs. bad	pleasant	1.2753880963377795	[1.2850524005908908, 1.259261452240256, 1.2620355513077404, 1.272902628564045, 1.2788512713952678, 1.2818511755201618, 1.2615942937151607, 1.2768475962642036, 1.2771651040757235, 1.2819406278275336, 1.2690898252838876, 1.290300969690754, 1.2740146802013097, 1.2737672666531616, 1.2656747554905432, 1.2795322703593857, 1.2717244887836876, 1.2589585199442053, 1.2605803994806315, 1.2689562583612564, 1.294858182065621, 1.2767398209023284, 1.2810005790362422, 1.2750911703787557, 1.2688121623547737, 1.2639161657811782, 1.294858182065621, 1.2767398209023284, 1.2810005790362426, 1.2750911703787562, 1.2688121623547737, 1.2639161657811782]	['euphoric', 'bothersome', 'yucky', 'horrendous']
vectors1900	good vs. bad	pleasant	1.2366552609983787	[1.2582226838705324, 1.2223761052590083, 1.2253893497374413, 1.2401194159086595, 1.2401403204278727, 1.243956129955953, 1.2185592337107132, 1.2406384272348128, 1.237532240093455, 1.2467907983425246, 1.2235766649526534, 1.2562590717706612, 1.2312928200957731, 1.2343039525222952, 1.2300982945589505, 1.2364713613371827, 1.2257455164976157, 1.2097888278569382, 1.2237690094456817, 1.2265181437725245, 1.2632619308919821, 1.2384435156237947, 1.2416706116875207, 1.239658881935641, 1.226326870280676, 1.214937069645563, 1.2632619308919824, 1.2384435156237945, 1.2416706116875207, 1.239658881935641, 1.2263268702806758, 1.214937069645563]	['euphoric', 'bothersome', 'yucky', 'horrendous']
vectors1910	good vs. bad	pleasant	1.3023776489382197	[1.3054436824981537, 1.2936819965502147, 1.2868645300713482, 1.297842320489878, 1.299559726264966, 1.3033279813554837, 1.2852644819733496, 1.304484794630286, 1.2967039369581042, 1.3098087399992966, 1.294601064564457, 1.317970674670205, 1.2958732350029216, 1.2955643433714468, 1.297302584624495, 1.3003976879168204, 1.2926826530933915, 1.295305760094129, 1.2994194946158841, 1.3015088687807788, 1.3272830302480223, 1.3134205532769854, 1.3051344620324423, 1.30100032101583, 1.2904342957314396, 1.2925631013293644, 1.3272830302480223, 1.3134205532769851, 1.3051344620324428, 1.3010003210158299, 1.2904342957314396, 1.2925631013293644]	['euphoric', 'bothersome', 'yucky', 'horrendous']
vectors1920	good vs. bad	pleasant	1.1919839948406283	[1.2064603467526336, 1.1804738642964672, 1.1824456423903944, 1.1829049542452865, 1.1946329985117143, 1.2003478500720526, 1.1711838745337384, 1.1951599663742483, 1.1955370459911665, 1.2065098178064653, 1.1817762608643554, 1.2108721639150914, 1.1888183329102766, 1.186253291169078, 1.1863117981653084, 1.1778760188206674, 1.1835215276781192, 1.1879857324480676, 1.1882817575131672, 1.187906162668531, 1.2047067162786134, 1.2011863530917015, 1.1948001287052161, 1.192753018178569, 1.1833023978255657, 1.1782268188344083, 1.204706716278613, 1.2011863530917013, 1.1948001287052161, 1.1927530181785693, 1.1833023978255657, 1.1782268188344078]	['euphoric', 'bothersome', 'yucky', 'horrendous']
vectors1930	good vs. bad	pleasant	1.2282242340160898	[1.2435067954936652, 1.2138226018084788, 1.2148495924553395, 1.2278098976648077, 1.2289586052270272, 1.236323174047471, 1.2147346579333649, 1.226986377417435, 1.2305284299547692, 1.237664499491843, 1.2144416293031317, 1.2464052377140027, 1.2172804759848606, 1.2228609105258605, 1.2189571873424856, 1.2208006530006088, 1.2236008542141263, 1.219616436662854, 1.2177534424108116, 1.2227543523660547, 1.2445693704147205, 1.2321946929373158, 1.231956813490864, 1.2329909239065961, 1.220020490518148, 1.2189857400755753, 1.2445693704147205, 1.232194692937316, 1.231956813490864, 1.2329909239065961, 1.2200204905181484, 1.2189857400755753]	['euphoric', 'bothersome', 'yucky', 'horrendous']
vectors1940	good vs. bad	pleasant	1.1854884810320685	[1.2011955693711003, 1.1761730560909491, 1.1728737117293893, 1.184513333808703, 1.1839586063031315, 1.1917790414420806, 1.1669695605522705, 1.1797170382776196, 1.1855338801104696, 1.1905247470297056, 1.1776902312894628, 1.2056951524692674, 1.184350682184931, 1.1791684037847572, 1.177243485411941, 1.177990468227273, 1.1755787477869497, 1.1855410826635981, 1.1831900112735778, 1.1801027482369553, 1.2047128132725107, 1.1848391009896395, 1.1877134499326483, 1.1890884720586052, 1.1721144456486097, 1.180473814932863, 1.2047128132725107, 1.1848391009896395, 1.1877134499326485, 1.1890884720586052, 1.1721144456486097, 1.1804738149328635]	['euphoric', 'bothersome', 'yucky', 'horrendous']
vectors1950	good vs. bad	pleasant	1.1734682200183977	[1.1883885349369874, 1.1652829477864517, 1.161044862523085, 1.1768453232041949, 1.1726455694816122, 1.1815905502493167, 1.1594332466857076, 1.173682978523098, 1.170376267780155, 1.1815487401808142, 1.1638789573659343, 1.1896802123896073, 1.164517899345155, 1.1596394904466036, 1.170444436011137, 1.1694267737252995, 1.161047272368074, 1.1775856183443616, 1.1766756278073491, 1.1715966379074343, 1.192194692522628, 1.1733526755042818, 1.176434615846791, 1.1752368910771984, 1.1620197682945388, 1.1611058470411604, 1.192194692522628, 1.1733526755042818, 1.176434615846791, 1.1752368910771984, 1.1620197682945388, 1.1611058470411604]	['euphoric', 'bothersome', 'yucky', 'horrendous']
vectors1960	good vs. bad	pleasant	1.1515700687060741	[1.179986980337579, 1.1322598379329663, 1.1334281904033858, 1.1432674857422171, 1.1538241283416102, 1.155809434763214, 1.1323168459649804, 1.1503683488521652, 1.1521642894497415, 1.1655260125215245, 1.1389286921795603, 1.1740417912277321, 1.1497056346887518, 1.143245766814266, 1.1433452612200454, 1.1408364989619377, 1.1375429250575084, 1.146337718743673, 1.1561490284296958, 1.1478602048793234, 1.1718998262102136, 1.1638691197702837, 1.159237138754341, 1.1503106165327148, 1.13650531814158, 1.1358389283444623, 1.1718998262102134, 1.163869119770283, 1.1592371387543414, 1.1503106165327146, 1.13650531814158, 1.1358389283444628]	['euphoric', 'bothersome', 'yucky', 'horrendous']
vectors1970	good vs. bad	pleasant	1.1902099580687062	[1.207547049824692, 1.1823186023354313, 1.1771665470147066, 1.18309078464316, 1.1842526616570719, 1.194575988786221, 1.1778773496863126, 1.186404076907231, 1.1909347473435707, 1.1872880383327848, 1.1780426821186396, 1.2127605346652472, 1.1832051502913576, 1.1871574805947478, 1.1840593979637317, 1.1740569550501847, 1.1850659559202419, 1.194517587020865, 1.196939708670396, 1.189734994061022, 1.2081053029341535, 1.1934202310190147, 1.1857182641816015, 1.1946836729062336, 1.1831606234768166, 1.181390710645308, 1.2081053029341535, 1.1934202310190147, 1.1857182641816015, 1.1946836729062336, 1.183160623476817, 1.1813907106453083]	['euphoric', 'bothersome', 'yucky', 'horrendous']
vectors1980	good vs. bad	pleasant	1.1698373473245502	[1.1796112758136181, 1.1676651480654332, 1.1570364355714258, 1.1735622754861934, 1.1660457180707993, 1.168739797950953, 1.1537379904128287, 1.1697571219032301, 1.1719824652471074, 1.1746946471059854, 1.1631397877211505, 1.1829608561974136, 1.1613562198801548, 1.164595709537988, 1.1642421227089763, 1.1579818979927767, 1.1569245671127395, 1.1774039166831227, 1.1683485081475795, 1.1656969864154747, 1.1927835605511845, 1.1771977896445291, 1.167491721904092, 1.1650199816946558, 1.1586842060827323, 1.165260000959941, 1.1927835605511845, 1.1771977896445291, 1.1674917219040923, 1.1650199816946563, 1.158684206082733, 1.1652600009599405]	['euphoric', 'bothersome', 'yucky', 'horrendous']
vectors1990	good vs. bad	pleasant	1.2008646797254658	[1.2105533409968556, 1.192670031704725, 1.1838483585157964, 1.209612134993342, 1.2035108305189115, 1.1984140935669771, 1.19160224530309, 1.1986223287223061, 1.209504472519482, 1.193971910520339, 1.1920774962176457, 1.2215066092634892, 1.1887334773150224, 1.1950978321729349, 1.1913164746985294, 1.2000766919377353, 1.1808746639346843, 1.2030127368242634, 1.1926585737640276, 1.1935967591890024, 1.2224594357908471, 1.2085479272071498, 1.1990502604382176, 1.198879476974614, 1.1926833069194926, 1.197294849352991, 1.2224594357908471, 1.2085479272071498, 1.199050260438218, 1.198879476974614, 1.1926833069194924, 1.197294849352991]	['euphoric', 'bothersome', 'yucky', 'horrendous']
vectors1800	good vs. bad	unpleasant	-1.1570995191985078	[-1.1527427251538467, -1.1940613512089349, -1.1378894579594223, -1.1721985733411848, -1.1570995191985072, -1.160353247065805, -1.1445151417054833, -1.1552941742090732, -1.1125394015721184, -1.1519810065894684, -1.139351564092279, -1.1570995191985072, -1.1632415756826382, -1.1446348361201009, -1.1650734458356944, -1.1570995191985072, -1.18428892624549, -1.1570995191985072, -1.169229068282484, -1.1182065085136994, -1.1915754088113106, -1.1583101071956348, -1.1611923505770319, -1.1400980617708312, -1.1734267196874983, -1.127502866935999, -1.1182065085136994, -1.1915754088113106, -1.158310107195635, -1.1734267196874983, -1.127502866935999, -1.1611923505770319, -1.1400980617708312, -1.169229068282484]	['euphoric', 'bothersome', 'yucky', 'horrendous']
vectors1810	good vs. bad	unpleasant	-1.2874794010143864	[-1.2860739879072327, -1.3127765673746705, -1.2750120974550183, -1.2954413281920862, -1.2874794010143857, -1.2923224782827964, -1.2854668244487917, -1.2733746872410054, -1.2678306569657736, -1.2844582391337198, -1.2776548251585962, -1.2874794010143857, -1.2829564584194666, -1.282347251034121, -1.2905389281410062, -1.2874794010143857, -1.302045927464791, -1.2874794010143857, -1.298442732893233, -1.2535455380468312, -1.3202202872274247, -1.2871389770831982, -1.2813009132182918, -1.275881014077556, -1.2922557619896293, -1.258586693435973, -1.253545538046831, -1.3202202872274251, -1.2871389770831982, -1.2922557619896293, -1.258586693435973, -1.2813009132182918, -1.2758810140775558, -1.298442732893233]	['euphoric', 'bothersome', 'yucky', 'horrendous']
vectors1820	good vs. bad	unpleasant	-1.261744417425379	[-1.263211575984572, -1.2841275042565525, -1.2516356473726065, -1.267472996776436, -1.2738256658757714, -1.2822508292526482, -1.2533769261945347, -1.2482685752320464, -1.2473822865744821, -1.256089902264772, -1.257007418623809, -1.2659835857488262, -1.2496701271615813, -1.2527207348210057, -1.272399332301313, -1.2617444174253796, -1.2754503857850867, -1.2586659946027308, -1.2563929513178196, -1.2231481200767778, -1.2938482428743665, -1.2597927417905372, -1.2643768430346394, -1.250108178392315, -1.2556279156414354, -1.2387572745620756, -1.2231481200767775, -1.2938482428743665, -1.2597927417905372, -1.2556279156414354, -1.2387572745620756, -1.2643768430346394, -1.250108178392315, -1.2563929513178196]	['euphoric', 'bothersome', 'yucky', 'horrendous']
vectors1830	good vs. bad	unpleasant	-1.3868802531621789	[-1.3818204424923968, -1.414327287003344, -1.3774576219589305, -1.3820428794985304, -1.3973675099326803, -1.3954733472079934, -1.378987956152691, -1.3762724472275862, -1.3854861991038203, -1.3893820107471586, -1.3768965233474562, -1.3868802531621784, -1.3873980054687287, -1.3799692776345593, -1.3912893665906778, -1.3868802531621784, -1.3864445132641134, -1.3896122603611496, -1.3809593336822938, -1.3566879054529704, -1.417445479582041, -1.3887348373536386, -1.3865967545237603, -1.3783951051488137, -1.3857438762641578, -1.3567612579674242, -1.3566879054529704, -1.417445479582041, -1.3887348373536386, -1.3857438762641578, -1.3567612579674242, -1.3865967545237603, -1.3783951051488137, -1.3809593336822938]	['euphoric', 'bothersome', 'yucky', 'horrendous']
vectors1840	good vs. bad	unpleasant	-1.3537251079954322	[-1.3404763725774331, -1.3787998187825745, -1.3439110393223717, -1.3504117486969949, -1.369323970138663, -1.357818274151093, -1.3377797809523047, -1.3477022810007675, -1.3543715992060341, -1.3492695202815648, -1.3507473880634768, -1.3517895537563964, -1.3461772351211891, -1.3563612495511523, -1.356823512590187, -1.3537251079954324, -1.3536052942734782, -1.359647854333198, -1.3498117733203026, -1.3301523919357334, -1.3841437842501358, -1.3458344251239436, -1.3538043583582986, -1.3514987560489704, -1.3502414271878171, -1.326816505487639, -1.3301523919357332, -1.3841437842501358, -1.3458344251239434, -1.3502414271878171, -1.3268165054876389, -1.3538043583582986, -1.3514987560489704, -1.3498117733203026]	['euphoric', 'bothersome', 'yucky', 'horrendous']
vectors1850	good vs. bad	unpleasant	-1.4747629667579554	[-1.4721067136236279, -1.500973249473989, -1.4689038027446855, -1.4697101911395412, -1.4855866940898654, -1.4826192391462871, -1.4620591704905368, -1.4674174901940178, -1.4707083011584505, -1.470783770529766, -1.468015440837932, -1.4775556978318976, -1.4688425480159217, -1.4755213427379081, -1.479465211397376, -1.4747629667579552, -1.4837186509366036, -1.4796848771660083, -1.4669481345359314, -1.4464513318074277, -1.50617607619433, -1.4646327722295502, -1.4787997758630345, -1.469402250221364, -1.4643550855176284, -1.4533655760757007, -1.4464513318074277, -1.50617607619433, -1.464632772229551, -1.4643550855176284, -1.4533655760757007, -1.4787997758630345, -1.469402250221364, -1.4669481345359314]	['euphoric', 'bothersome', 'yucky', 'horrendous']
vectors1860	good vs. bad	unpleasant	-1.4628736651803411	[-1.456700397809207, -1.4880253080320298, -1.4533486004890617, -1.4603903928425506, -1.477814837781806, -1.4740726645948383, -1.4593110289845965, -1.4555082671277817, -1.463335142590047, -1.4639195702260013, -1.4578699499583354, -1.4476686268611516, -1.4595950166759457, -1.4607535037319548, -1.4638563034164034, -1.4628736651803411, -1.4693051938018866, -1.4615191690500287, -1.4511358768302485, -1.4355566213428215, -1.498333393403588, -1.45623313627814, -1.4662499025145332, -1.4655072506503086, -1.4598265449329881, -1.425668247789026, -1.4355566213428212, -1.498333393403588, -1.45623313627814, -1.4598265449329881, -1.425668247789026, -1.466249902514533, -1.4655072506503086, -1.4511358768302485]	['euphoric', 'bothersome', 'yucky', 'horrendous']
vectors1870	good vs. bad	unpleasant	-1.403261542190768	[-1.401714332951169, -1.4338710202402862, -1.3971325068105147, -1.4008962303119683, -1.424167665923514, -1.4125986118594285, -1.3976202020891326, -1.388463930058441, -1.3966715843167656, -1.4000478645440135, -1.3934636658152515, -1.405973730718038, -1.3984629427847493, -1.401620982563297, -1.4063498234064096, -1.403261542190767, -1.4204589601792095, -1.4064459013596307, -1.378204991760787, -1.3729152085228065, -1.442250971835829, -1.39322532687882, -1.412178104589148, -1.4086652535489947, -1.386044082279158, -1.3786144636548059, -1.3729152085228067, -1.4422509718358292, -1.3932253268788195, -1.386044082279158, -1.3786144636548059, -1.4121781045891482, -1.4086652535489945, -1.378204991760787]	['euphoric', 'bothersome', 'yucky', 'horrendous']
vectors1880	good vs. bad	unpleasant	-1.4709748074935873	[-1.4641987058820838, -1.4988599567166117, -1.4660992806819229, -1.4658445097133457, -1.4839223135147543, -1.4789625397686659, -1.4624985086179367, -1.4566627082545418, -1.4628436705450825, -1.472861638389621, -1.47483018592765, -1.472210376500686, -1.470505058997357, -1.4699458799106297, -1.4699944299075764, -1.4709748074935869, -1.4841611813400513, -1.4729552427441353, -1.4526177816742885, -1.4482955812143072, -1.5040532099700916, -1.4649884862305764, -1.472422142858579, -1.4740550070112792, -1.4620301167122804, -1.4446983398121054, -1.4482955812143072, -1.5040532099700916, -1.4649884862305764, -1.46203011671228, -1.4446983398121056, -1.472422142858579, -1.4740550070112792, -1.4526177816742882]	['euphoric', 'bothersome', 'yucky', 'horrendous']
vectors1890	good vs. bad	unpleasant	-1.4164351492408795	[-1.4073696605698558, -1.438986898783577, -1.4112775015912946, -1.4109731769595661, -1.4313105624518865, -1.4255269807992221, -1.408390538762288, -1.4026953563293452, -1.4099452047978729, -1.4146942106175726, -1.410328018293024, -1.417885629590859, -1.4060696754472426, -1.418686333571383, -1.4183368055386212, -1.4188171546343875, -1.4221047831099691, -1.4218289085855413, -1.4091993464831398, -1.3899814575704397, -1.45414338570905, -1.4119501775301901, -1.415621999544885, -1.416373878989062, -1.4058418788703393, -1.3901411226743219, -1.3899814575704401, -1.45414338570905, -1.4119501775301901, -1.4058418788703388, -1.3901411226743219, -1.4156219995448853, -1.416373878989062, -1.40919934648314]	['euphoric', 'bothersome', 'yucky', 'horrendous']
vectors1900	good vs. bad	unpleasant	-1.4272728863451565	[-1.4258491593866702, -1.4563006285291682, -1.42494492020109, -1.4160811900384012, -1.4506780493117115, -1.4371826416431959, -1.4139325413034285, -1.4136871520449399, -1.4254966161566869, -1.4244802274221575, -1.4229850011176737, -1.4296694935225664, -1.424880260272708, -1.4285747758131613, -1.4274048825303163, -1.4196102451366195, -1.4325312769084357, -1.4266328036498421, -1.4102178013739646, -1.401470047640977, -1.4645587999888305, -1.4161560605132206, -1.4348034338240694, -1.432069512192178, -1.4186454739910763, -1.3985178007007741, -1.401470047640977, -1.4645587999888303, -1.4161560605132206, -1.4186454739910765, -1.3985178007007733, -1.4348034338240694, -1.4320695121921783, -1.4102178013739641]	['euphoric', 'bothersome', 'yucky', 'horrendous']
vectors1910	good vs. bad	unpleasant	-1.250963417957356	[-1.2432474248654894, -1.286394169164727, -1.246779957918002, -1.2322280169924607, -1.2752781960059398, -1.2661168428889646, -1.2494875126138874, -1.2291537807362367, -1.244293412781965, -1.2457038844602089, -1.2461005038059727, -1.2516496141514388, -1.2453990596164124, -1.244371033077888, -1.2496707469725636, -1.250963417957356, -1.2732688105380163, -1.2503981852149393, -1.2448338064281836, -1.2221074336001811, -1.2941477956492247, -1.2283016222239471, -1.2400398699557442, -1.2440198705124754, -1.255406780267034, -1.2418494113874639, -1.2221074336001807, -1.2941477956492247, -1.2283016222239471, -1.255406780267034, -1.2418494113874639, -1.2400398699557447, -1.2440198705124754, -1.2448338064281836]	['euphoric', 'bothersome', 'yucky', 'horrendous']
vectors1920	good vs. bad	unpleasant	-1.2728327410885398	[-1.269057239566768, -1.3006374844051947, -1.2684407343630093, -1.2613220444181703, -1.2814669582742406, -1.276637473530107, -1.2650439297307168, -1.2664037099938301, -1.2635728946542912, -1.2704356312681915, -1.2695343505264547, -1.2731693223795721, -1.2682566367842087, -1.2684671188128136, -1.2665046966838307, -1.271921176532404, -1.2833559392923541, -1.280386214987297, -1.2747127774165217, -1.2450896899832218, -1.3046675775838814, -1.2580456549985035, -1.278351688355354, -1.2667906026408524, -1.2798066521490743, -1.255378599062375, -1.2450896899832218, -1.304667577583881, -1.2580456549985035, -1.2798066521490745, -1.255378599062375, -1.278351688355354, -1.2667906026408524, -1.2747127774165223]	['euphoric', 'bothersome', 'yucky', 'horrendous']
vectors1930	good vs. bad	unpleasant	-1.3164919902335257	[-1.3113356760388593, -1.349354167452772, -1.306638466885677, -1.3012504806519658, -1.3309755209240253, -1.323612444235224, -1.3088848797733947, -1.3012663526056318, -1.3077374408494684, -1.3164271618780095, -1.317026042478098, -1.3164919902335253, -1.3050440323478631, -1.31130059623039, -1.3117614098468382, -1.3192406263886132, -1.3275972643083604, -1.3189521599943834, -1.3119910571658888, -1.281433724662653, -1.3506801067895433, -1.3012854084539474, -1.3241884901115544, -1.3162776727401897, -1.3146862172900609, -1.3093886687873897, -1.281433724662653, -1.3506801067895429, -1.3012854084539474, -1.3146862172900609, -1.3093886687873897, -1.3241884901115544, -1.3162776727401897, -1.3119910571658888]	['euphoric', 'bothersome', 'yucky', 'horrendous']
vectors1940	good vs. bad	unpleasant	-1.1619672906216616	[-1.1545427035505156, -1.1920799457832998, -1.1447668435624998, -1.1470097139560305, -1.174520286409845, -1.1666144686241844, -1.1509197337636783, -1.1554787066555763, -1.1539885482192498, -1.1601741431066794, -1.1623076824345238, -1.1619672906216618, -1.1476240911279498, -1.159561643685869, -1.1616338346228785, -1.1734680085185598, -1.1769592407391842, -1.1668414176490332, -1.1634333735249185, -1.1229764877359667, -1.201413465591867, -1.137554375678523, -1.1606037239840554, -1.1592897495994257, -1.174338447223733, -1.1540210320453121, -1.1229764877359667, -1.201413465591866, -1.137554375678523, -1.174338447223733, -1.1540210320453121, -1.1606037239840554, -1.1592897495994257, -1.163433373524918]	['euphoric', 'bothersome', 'yucky', 'horrendous']
vectors1950	good vs. bad	unpleasant	-1.2238745899914294	[-1.2112102437193755, -1.2518555010661796, -1.2129919331869556, -1.2103363551825996, -1.2346632147657357, -1.2351118232795382, -1.2149489573708077, -1.212388321192863, -1.214419359570694, -1.2258846985884644, -1.2158398329610642, -1.2316172062433017, -1.2183324721490567, -1.221557435389193, -1.2173702640538577, -1.233674656006131, -1.2399524735898664, -1.2328836410879853, -1.2231631366576963, -1.1870459532625772, -1.263322537267036, -1.2124063754490522, -1.2190871740418456, -1.2189698192438636, -1.2200510367763775, -1.2179655801376, -1.1870459532625768, -1.263322537267036, -1.2124063754490522, -1.2200510367763775, -1.2179655801376, -1.2190871740418452, -1.2189698192438636, -1.2231631366576963]	['euphoric', 'bothersome', 'yucky', 'horrendous']
vectors1960	good vs. bad	unpleasant	-1.1360159933918588	[-1.1152427417920079, -1.1708812461430935, -1.1148173935926582, -1.11990733083402, -1.1420683275713115, -1.1496810435646716, -1.1276053964539827, -1.1307474074817832, -1.1286427838141517, -1.1377131840909565, -1.1284770977001093, -1.1401964689214257, -1.1243170134569285, -1.1318932253547023, -1.1290054854178893, -1.1488016105549244, -1.1492857724308947, -1.1506861389886116, -1.134040011628552, -1.1071594727335559, -1.1709826773394563, -1.1237436230031965, -1.1294856439835723, -1.133231116031449, -1.1399471856117696, -1.1310338230921368, -1.107159472733556, -1.1709826773394558, -1.1237436230031965, -1.139947185611769, -1.1310338230921375, -1.1294856439835719, -1.133231116031449, -1.1340400116285525]	['euphoric', 'bothersome', 'yucky', 'horrendous']
vectors1970	good vs. bad	unpleasant	-1.1693672350485047	[-1.1528054501282041, -1.2033279001204837, -1.152029536695535, -1.1502274228289595, -1.1820588527510143, -1.1780161398868036, -1.1658141207802235, -1.1647613691426553, -1.170276193202358, -1.1710165195262219, -1.1633665225320422, -1.1668550827105209, -1.1487035616961254, -1.1666085371590227, -1.161448994986928, -1.1795652026594476, -1.1830488638403924, -1.1802719945060014, -1.1657570991847879, -1.131412871079283, -1.202833049415012, -1.1601580541578487, -1.1657557221065646, -1.1631626788651894, -1.1734071626059406, -1.172833713560357, -1.131412871079283, -1.202833049415012, -1.1601580541578487, -1.1734071626059406, -1.172833713560357, -1.1657557221065646, -1.1631626788651894, -1.1657570991847879]	['euphoric', 'bothersome', 'yucky', 'horrendous']
vectors1980	good vs. bad	unpleasant	-1.1137197294776033	[-1.0979848744162592, -1.1481066157881699, -1.0980812352914109, -1.092460043718892, -1.121035958976459, -1.1054494024308816, -1.1071812499869789, -1.1207550857068882, -1.1162288235264273, -1.113882142103794, -1.1131604195714313, -1.1180581927464381, -1.0984431590715618, -1.1146202537518897, -1.093970665586012, -1.1220516741073459, -1.1333733330345863, -1.1265895578078042, -1.1140498490709543, -1.0743046877057465, -1.1321750080074453, -1.104222860152433, -1.1199065682859537, -1.106753652760734, -1.1203543052879785, -1.1173601981599213, -1.0743046877057465, -1.1321750080074455, -1.104222860152433, -1.1203543052879785, -1.1173601981599213, -1.1199065682859535, -1.1067536527607338, -1.114049849070954]	['euphoric', 'bothersome', 'yucky', 'horrendous']
vectors1990	good vs. bad	unpleasant	-1.2160295838774868	[-1.2009238815654701, -1.2472516294768619, -1.1976967958323286, -1.1938830300723853, -1.2223377102261699, -1.2162900907962015, -1.211301007736265, -1.2076529465940895, -1.2077608439992422, -1.2263581499577234, -1.212643657753792, -1.2069564302912263, -1.1929565878221036, -1.2102040223907133, -1.2087699368589584, -1.2230497314929774, -1.238102988351444, -1.226233878854844, -1.21404814814825, -1.1786017372974857, -1.2484190240270838, -1.2078317182077798, -1.210160488774166, -1.2177440966018882, -1.227323415689172, -1.213282408829398, -1.1786017372974857, -1.2484190240270838, -1.2078317182077796, -1.227323415689172, -1.2132824088293974, -1.210160488774166, -1.2177440966018882, -1.21404814814825]	['euphoric', 'bothersome', 'yucky', 'horrendous']
